{
  "Player": {
    "open": true,
    "visible": true,
    "posX": 721,
    "posY": -309,
    "AntiAFK": {
      "Settings": false
    },
    "AntiCactus": {
      "Settings": false
    },
    "AutoRespawn": {
      "Settings": false
    },
    "AutoTool": {
      "Settings": false
    },
    "Blink": {
      "Settings": false
    },
    "Eagle": {
      "Settings": true
    },
    "FastUse": {
      "Settings": false
    },
    "GrimFly": {
      "Settings": false
    },
    "InvManager": {
      "Settings": false
    },
    "KeepAlive": {
      "Settings": false
    },
    "LegitSpeed": {
      "Settings": true
    },
    "NoFall": {
      "Settings": false
    },
    "NoLagBack": {
      "Settings": false
    },
    "PlayerSize": {
      "Settings": false
    },
    "Reach": {
      "Settings": false
    },
    "Regen": {
      "Settings": false
    },
    "Zoot": {
      "Settings": false
    }
  },
  "Movement": {
    "open": true,
    "visible": true,
    "posX": 1300,
    "posY": -417,
    "AirJump": {
      "Settings": false
    },
    "AirLadder": {
      "Settings": false
    },
    "AutoWalk": {
      "Settings": false
    },
    "BlockWalk": {
      "Settings": false
    },
    "BufferSpeed": {
      "Settings": false
    },
    "BugUp": {
      "Settings": false
    },
    "FastClimb": {
      "Settings": false
    },
    "FastStairs": {
      "Settings": false
    },
    "Fly": {
      "Settings": false
    },
    "Freeze": {
      "Settings": false
    },
    "HighJump": {
      "Settings": false
    },
    "IceSpeed": {
      "Settings": false
    },
    "InventoryMove": {
      "Settings": false
    },
    "LadderJump": {
      "Settings": true
    },
    "LiquidWalk": {
      "Settings": false
    },
    "LongJump": {
      "Settings": false
    },
    "NoClip": {
      "Settings": false
    },
    "NoJumpDelay": {
      "Settings": true
    },
    "NoSlow": {
      "Settings": false
    },
    "NoWeb": {
      "Settings": false
    },
    "Parkour": {
      "Settings": false
    },
    "PerfectHorseJump": {
      "Settings": false
    },
    "ReverseStep": {
      "Settings": false
    },
    "SafeWalk": {
      "Settings": false
    },
    "SlimeJump": {
      "Settings": false
    },
    "Sneak": {
      "Settings": false
    },
    "Speed": {
      "Settings": false
    },
    "Sprint": {
      "Settings": false
    },
    "Step": {
      "Settings": false
    },
    "Strafe": {
      "Settings": false
    },
    "TargetStrafe": {
      "Settings": false
    },
    "WallClimb": {
      "Settings": false
    },
    "WaterSpeed": {
      "Settings": false
    }
  },
  "Render": {
    "open": true,
    "visible": true,
    "posX": 552,
    "posY": -698,
    "Animations": {
      "Settings": false
    },
    "AntiBlind": {
      "Settings": false
    },
    "AutumnVisual": {
      "Settings": false
    },
    "BlockESP": {
      "Settings": false
    },
    "BlockOverlay": {
      "Settings": false
    },
    "Breadcrumbs": {
      "Settings": false
    },
    "CameraClip": {
      "Settings": false
    },
    "Cape": {
      "Settings": false
    },
    "Chams": {
      "Settings": false
    },
    "ClickGUI": {
      "Settings": false
    },
    "CnModuleName": {
      "Settings": true
    },
    "ColorMixer": {
      "Settings": false
    },
    "CustomFont": {
      "Settings": false
    },
    "DMGParticle": {
      "Settings": true
    },
    "ESP": {
      "Settings": false
    },
    "EnchantEffect": {
      "Settings": false
    },
    "FollowTargetHud": {
      "Settings": true
    },
    "FreeCam": {
      "Settings": false
    },
    "Fullbright": {
      "Settings": false
    },
    "HUD": {
      "Settings": false
    },
    "ItemESP": {
      "Settings": false
    },
    "ItemPhysics": {
      "Settings": false
    },
    "Logo": {
      "Settings": false
    },
    "LogoFix": {
      "Settings": false
    },
    "MotionBlur": {
      "Settings": false
    },
    "NameTags": {
      "Settings": false
    },
    "NoBob": {
      "Settings": false
    },
    "NoFOV": {
      "Settings": false
    },
    "NoHurtCam": {
      "Settings": true
    },
    "NoScoreboard": {
      "Settings": false
    },
    "NoSwing": {
      "Settings": false
    },
    "PictureColor": {
      "Settings": false
    },
    "PictureColorTwo": {
      "Settings": false
    },
    "PotionRender": {
      "Settings": false
    },
    "Projectiles": {
      "Settings": false
    },
    "ProphuntESP": {
      "Settings": false
    },
    "Rotations": {
      "Settings": false
    },
    "SessionStats": {
      "Settings": false
    },
    "StorageESP": {
      "Settings": false
    },
    "TNTESP": {
      "Settings": false
    },
    "Tracers": {
      "Settings": false
    },
    "TrueSight": {
      "Settings": false
    },
    "VisualColor": {
      "Settings": false
    },
    "WorldAnim": {
      "Settings": false
    },
    "XRay": {
      "Settings": false
    }
  },
  "Autumn": {
    "open": true,
    "visible": true,
    "posX": 147,
    "posY": -733,
    "Ambience": {
      "Settings": false
    },
    "AntiFakePlayer": {
      "Settings": false
    },
    "AntiGetname": {
      "Settings": false
    },
    "AntiVoid": {
      "Settings": false
    },
    "AsianHat": {
      "Settings": false
    },
    "AttackParticles": {
      "Settings": false
    },
    "BanChecker": {
      "Settings": false
    },
    "BetterFPS": {
      "Settings": false
    },
    "CriticalPlus": {
      "Settings": false
    },
    "GrimVelocity": {
      "Settings": false
    },
    "HYTHelper": {
      "Settings": false
    },
    "HytAntiVoid": {
      "Settings": false
    },
    "HytDisabler": {
      "Settings": false
    },
    "JumpCircle": {
      "Settings": false
    },
    "NewKnockback": {
      "Settings": false
    },
    "NoC03": {
      "Settings": false
    },
    "ScaffoldHelper": {
      "Settings": false
    },
    "StrafeFix": {
      "Settings": false
    },
    "SuperKnockback": {
      "Settings": false
    },
    "SuperKnockbackPlus": {
      "Settings": false
    },
    "Title": {
      "Settings": false
    },
    "VelocityPro": {
      "Settings": false
    },
    "Wings": {
      "Settings": false
    }
  },
  "World": {
    "open": true,
    "visible": true,
    "posX": 461,
    "posY": -262,
    "AutoBreak": {
      "Settings": false
    },
    "ChestAura": {
      "Settings": false
    },
    "ChestStealer": {
      "Settings": false
    },
    "CivBreak": {
      "Settings": false
    },
    "FastBreak": {
      "Settings": false
    },
    "FastPlace": {
      "Settings": false
    },
    "Fucker": {
      "Settings": false
    },
    "GroundTelly": {
      "Settings": true
    },
    "HytScaffoldFix": {
      "Settings": false
    },
    "Liquids": {
      "Settings": true
    },
    "NewScaffold": {
      "Settings": false
    },
    "NoSlowBreak": {
      "Settings": false
    },
    "Nuker": {
      "Settings": false
    },
    "Scaffold": {
      "Settings": false
    },
    "Scaffold2": {
      "Settings": false
    },
    "Scaffold3": {
      "Settings": false
    },
    "SpeedMine": {
      "Settings": false
    },
    "Timer": {
      "Settings": false
    },
    "Tower": {
      "Settings": false
    }
  },
  "Misc": {
    "open": true,
    "visible": true,
    "posX": 71,
    "posY": -73,
    "AntiBot": {
      "Settings": false
    },
    "AtAllProvider": {
      "Settings": false
    },
    "ComponentOnHover": {
      "Settings": false
    },
    "LiquidChat": {
      "Settings": false
    },
    "MemoryFix": {
      "Settings": false
    },
    "MidClick": {
      "Settings": false
    },
    "NameProtect": {
      "Settings": false
    },
    "NoRotateSet": {
      "Settings": false
    },
    "ResourcePackSpoof": {
      "Settings": false
    },
    "Spammer": {
      "Settings": false
    },
    "StateSound": {
      "Settings": false
    },
    "Teams": {
      "Settings": true
    }
  },
  "Exploit": {
    "open": true,
    "visible": true,
    "posX": 274,
    "posY": -355,
    "AbortBreaking": {
      "Settings": false
    },
    "AntiHunger": {
      "Settings": false
    },
    "BedGodMode": {
      "Settings": false
    },
    "Clip": {
      "Settings": false
    },
    "ConsoleSpammer": {
      "Settings": false
    },
    "Damage": {
      "Settings": false
    },
    "Derp": {
      "Settings": false
    },
    "ForceUnicodeChat": {
      "Settings": false
    },
    "Ghost": {
      "Settings": false
    },
    "GhostHand": {
      "Settings": false
    },
    "GodMode": {
      "Settings": false
    },
    "ItemTeleport": {
      "Settings": false
    },
    "KeepContainer": {
      "Settings": false
    },
    "Kick": {
      "Settings": false
    },
    "MoreCarry": {
      "Settings": false
    },
    "MultiActions": {
      "Settings": false
    },
    "NoPitchLimit": {
      "Settings": false
    },
    "Paralyze": {
      "Settings": false
    },
    "Phase": {
      "Settings": false
    },
    "Plugins": {
      "Settings": false
    },
    "PortalMenu": {
      "Settings": false
    },
    "ServerCrasher": {
      "Settings": false
    },
    "SkinDerp": {
      "Settings": false
    },
    "Teleport": {
      "Settings": false
    }
  },
  "Targets": {
    "open": true,
    "visible": true,
    "posX": 997,
    "posY": -604
  },
  "Combat": {
    "open": true,
    "visible": true,
    "posX": 262,
    "posY": -46,
    "Aimbot": {
      "Settings": false
    },
    "AntiFireBall": {
      "Settings": false
    },
    "AutoBow": {
      "Settings": false
    },
    "AutoClicker": {
      "Settings": false
    },
    "AutoGG": {
      "Settings": false
    },
    "AutoL": {
      "Settings": false
    },
    "AutoLFix": {
      "Settings": false
    },
    "AutoLeave": {
      "Settings": false
    },
    "AutoPot": {
      "Settings": false
    },
    "AutoReach": {
      "Settings": false
    },
    "AutoSoup": {
      "Settings": false
    },
    "AutoWeapon": {
      "Settings": false
    },
    "BowAimbot": {
      "Settings": false
    },
    "Criticals": {
      "Settings": false
    },
    "FastBow": {
      "Settings": false
    },
    "Gapple": {
      "Settings": false
    },
    "HitBox": {
      "Settings": false
    },
    "Ignite": {
      "Settings": false
    },
    "KillAura": {
      "Settings": true
    },
    "KillAura2": {
      "Settings": false
    },
    "NoFriends": {
      "Settings": true
    },
    "SuperKB": {
      "Settings": false
    },
    "TNTBlock": {
      "Settings": false
    },
    "TeleportHit": {
      "Settings": false
    },
    "Trigger": {
      "Settings": false
    },
    "Velocity": {
      "Settings": false
    },
    "Velocity2": {
      "Settings": false
    },
    "Velocity3": {
      "Settings": false
    },
    "VelocityBlink": {
      "Settings": false
    }
  }
}
