[
  {
    "Type": "PlayerHealth",
    "X": 666.0,
    "Y": 582.0,
    "Scale": 1.0,
    "HorizontalFacing": "Left",
    "VerticalFacing": "Up",
    "Shadow": false
  },
  {
    "Type": "RenderFps",
    "X": 550.0,
    "Y": 582.0,
    "Scale": 0.99999994,
    "HorizontalFacing": "Left",
    "VerticalFacing": "Up",
    "Shadow": false
  },
  {
    "Type": "Scoreboard",
    "X": 70.71429443359375,
    "Y": 80.23809814453125,
    "Scale": 1.05,
    "HorizontalFacing": "Right",
    "VerticalFacing": "Middle",
    "Text-R": 255,
    "Text-G": 179,
    "Text-B": 255,
    "Background-R": 0,
    "Background-G": 0,
    "Background-B": 0,
    "Background-Alpha": 0,
    "Blur": false,
    "Rect": false,
    "Rect-Color": "Rainbow",
    "Rect-R": 0,
    "Rect-G": 111,
    "Rect-B": 255,
    "Rect-Alpha": 255,
    "Shadow": false,
    "ServerIp": "ClientName",
    "NoPoints": true,
    "Font": {
      "fontName": "Minecraft Font",
      "fontSize": -1
    },
    "Outline": false
  }
]
