[
  {
    "Type": "Scoreboard2",
    "X": 129.0,
    "Y": 4.0,
    "Scale": 1.1499999,
    "HorizontalFacing": "Right",
    "VerticalFacing": "Middle",
    "Text-R": 255,
    "Text-G": 255,
    "Text-B": 255,
    "Background-R": 172,
    "Background-G": 255,
    "Background-B": 255,
    "Background-Alpha": 39,
    "Rect": false,
    "Rect-Color": "Custom",
    "Rect-R": 243,
    "Rect-G": 111,
    "Rect-B": 255,
    "Rect-Alpha": 232,
    "Shadow": false,
    "ServerIp": "ClientName",
    "NoPoints": true,
    "Font": {
      "fontName": "Roboto Medium",
      "fontSize": 40
    }
  },
  {
    "Type": "RiseTarget",
    "X": 480.0,
    "Y": 181.0,
    "Scale": 1.0,
    "HorizontalFacing": "Left",
    "VerticalFacing": "Up",
    "Rise-Count": 5,
    "Rise-Size": 1.0,
    "Rise-Alpha": 0.7,
    "Rise-Distance": 1.0,
    "Rise-MoveTime": 20,
    "Rise-FadeTime": 20
  },
  {
    "Type": "NewEffects",
    "X": -1.0,
    "Y": 195.0,
    "Scale": 1.0,
    "HorizontalFacing": "Left",
    "VerticalFacing": "Up",
    "Blur": false
  },
  {
    "Type": "Armor",
    "X": -68.0,
    "Y": 16.0,
    "Scale": 0.9,
    "HorizontalFacing": "Middle",
    "VerticalFacing": "Down",
    "Damage": false,
    "BG": false,
    "Alpha": 120,
    "CFont": true,
    "Alignment": "Horizontal"
  },
  {
    "Type": "Radar",
    "X": 1.0,
    "Y": 87.0,
    "Scale": 1.0,
    "HorizontalFacing": "Left",
    "VerticalFacing": "Up",
    "Size": 84.02299,
    "View Distance": 3.7586207,
    "Player Shape": "Circle",
    "Player Size": 2.0,
    "Use ESP Colors": true,
    "FOV Size": 10.0,
    "FOV Angle": 62.873566,
    "Minimap": false,
    "Rainbow-X": -954.54553,
    "Rainbow-Y": -1000.0,
    "Background Red": 73,
    "Background Green": 255,
    "Background Blue": 252,
    "Background Alpha": 21,
    "Border Strength": 2.0,
    "Border Red": 67,
    "Border Green": 0,
    "Border Blue": 0,
    "Border Alpha": 79,
    "Border Rainbow": false
  },
  {
    "Type": "KeyBinds2",
    "X": 785.0,
    "Y": -13.0,
    "Scale": 1.0,
    "HorizontalFacing": "Left",
    "VerticalFacing": "Up",
    "Font-Offset": 0.0,
    "Reverse": false,
    "Font": {
      "fontName": "Roboto Medium",
      "fontSize": 40
    },
    "Red": 74,
    "Green": 255,
    "Blue": 255,
    "Alpha": 255,
    "Background-Red": 151,
    "Background-Green": 255,
    "Background-Blue": 255,
    "Background-Alpha": 26
  },
  {
    "Type": "Text",
    "X": 1.7692279815673828,
    "Y": 242.46153926849365,
    "Scale": 1.2999997,
    "HorizontalFacing": "Left",
    "VerticalFacing": "Middle",
    "Brightness": 1.0,
    "Border-Mode": "Onetap",
    "DisplayText": "",
    "Text-R": 169,
    "Text-G": 255,
    "Text-B": 255,
    "Text-R2": 153,
    "Text-G2": 255,
    "Text-B2": 255,
    "GidentSpeed": 100,
    "NewRainbowOffset": 1,
    "AstolfoOffset": 9,
    "AstolfoRange": 109,
    "AstolfoIndex": 109,
    "Saturation": 0.9,
    "Text-Color": "Gident",
    "Watermark-Rainbow": false,
    "Watermark-Red": 124,
    "Watermark-Green": 255,
    "Watermark-Blue": 255,
    "Watermark-Red2": 157,
    "Watermark-Green2": 255,
    "Watermark-Blue2": 255,
    "Rainbow-X": -392.15686,
    "Rainbow-Y": -1000.0,
    "Shadow": true,
    "Border": false,
    "Slide": false,
    "NotChar": false,
    "SlideDelay": 100,
    "BordAlpha": 255,
    "Distance": 9,
    "Amount": 25,
    "Font": {
      "fontName": "regular40",
      "fontSize": 40
    }
  },
  {
    "Type": "Text",
    "X": 1.6521577835083008,
    "Y": 17.2608699798584,
    "Scale": 1.1499999,
    "HorizontalFacing": "Left",
    "VerticalFacing": "Up",
    "Brightness": 1.0,
    "Border-Mode": "Slide",
    "DisplayText": "Ping:%ping%",
    "Text-R": 102,
    "Text-G": 255,
    "Text-B": 255,
    "Text-R2": 112,
    "Text-G2": 97,
    "Text-B2": 255,
    "GidentSpeed": 100,
    "NewRainbowOffset": 1,
    "AstolfoOffset": 5,
    "AstolfoRange": 109,
    "AstolfoIndex": 109,
    "Saturation": 0.9,
    "Text-Color": "Custom",
    "Watermark-Rainbow": false,
    "Watermark-Red": 255,
    "Watermark-Green": 255,
    "Watermark-Blue": 255,
    "Watermark-Red2": 255,
    "Watermark-Green2": 255,
    "Watermark-Blue2": 255,
    "Rainbow-X": -1000.0,
    "Rainbow-Y": -1000.0,
    "Shadow": true,
    "Border": false,
    "Slide": false,
    "NotChar": false,
    "SlideDelay": 100,
    "BordAlpha": 255,
    "Distance": 0,
    "Amount": 25,
    "Font": {
      "fontName": "Bold",
      "fontSize": 40
    }
  },
  {
    "Type": "Notifications",
    "X": 158.00006103515625,
    "Y": 8.904754638671875,
    "Scale": 1.05,
    "HorizontalFacing": "Right",
    "VerticalFacing": "Down"
  }
]
