[
  {
    "Type": "Notifications",
    "X": 3.0,
    "Y": 11.0,
    "Scale": 1.0,
    "HorizontalFacing": "Right",
    "VerticalFacing": "Down"
  },
  {
    "Type": "Scoreboard",
    "X": 4.0,
    "Y": 19.0,
    "Scale": 1.0,
    "HorizontalFacing": "Right",
    "VerticalFacing": "Middle",
    "Text-R": 255,
    "Text-G": 255,
    "Text-B": 255,
    "Background-R": 0,
    "Background-G": 0,
    "Background-B": 0,
    "Background-Alpha": 95,
    "Rect": false,
    "Rect-Color": "Custom",
    "Rect-R": 0,
    "Rect-G": 111,
    "Rect-B": 255,
    "Rect-Alpha": 255,
    "Shadow": false,
    "Font": {
      "fontName": "Minecraft Font",
      "fontSize": -1
    }
  },
  {
    "Type": "ArmorHud",
    "X": 323.0,
    "Y": 460.0,
    "Scale": 1.0,
    "HorizontalFacing": "Left",
    "VerticalFacing": "Up",
    "Shadow": "None",
    "blur": false,
    "Blur-Strength": 1.0,
    "noting": 1.0E-7
  },
  {
    "Type": "Target",
    "X": -102.0,
    "Y": 66.0,
    "Scale": 1.05,
    "HorizontalFacing": "Middle",
    "VerticalFacing": "Middle",
    "Mode": "Flux",
    "SwitchMode": "Slide",
    "AnimSpeed": 10,
    "SwitchAnimSpeed": 20,
    "Font": {
      "fontName": "Bold",
      "fontSize": 40
    },
    "Alpha": 120,
    "Red": 255,
    "Green": 255,
    "Blue": 255,
    "GradientRed": 255,
    "GradientGreen": 255,
    "GradientBlue": 255,
    "Radius": 4.25
  },
  {
    "Type": "Arraylist",
    "X": 0.0,
    "Y": -1.0,
    "Scale": 1.0,
    "HorizontalFacing": "Right",
    "VerticalFacing": "Up",
    "Color": "DoubleColor",
    "Blur": false,
    "Blur-Strength": 0.0,
    "ShadowText": true,
    "Shadow": false,
    "Shadow-NoCut": false,
    "Shadow-Strength": 1,
    "Shadow-Color": "Background",
    "Shadow-Red": 0,
    "Shadow-Green": 111,
    "Shadow-Blue": 255,
    "Red": 0,
    "Green": 111,
    "Blue": 255,
    "R2": 0,
    "G2": 111,
    "B2": 255,
    "GidentSpeed": 100,
    "Alpha": 255,
    "Gradinet-Offset": 0.2,
    "Gradinet-Red": 0,
    "Gradinet-Green": 0,
    "Gradinet-Blue": 255,
    "Gradinet-Red-2": 25,
    "Gradinet-Green-2": 45,
    "Gradinet-Blue-2": 150,
    "Saturation": 0.9,
    "Brightness": 1.0,
    "Sky-Distance": 2,
    "CRainbow-Seconds": 2,
    "CRainbow-Distance": 2,
    "LiquidSlowly-Distance": 90,
    "Fade-Distance": 50,
    "HorizontalAnimation": "None",
    "VerticalAnimation": "None",
    "Animation-Speed": 0.25,
    "NameBreak": true,
    "Alphabetical-Order": false,
    "Tags": true,
    "TagsStyle": "-",
    "Background-R": 0,
    "Background-G": 0,
    "Background-B": 0,
    "Background-Alpha": 0,
    "Rect-Right": "None",
    "Rect-Left": "None",
    "Case": "None",
    "Space": 0.0,
    "TextHeight": 11.0,
    "TextY": 1.0,
    "TagsArrayColor": false,
    "Font": {
      "fontName": "Bold",
      "fontSize": 40
    }
  },
  {
    "Type": "Effects",
    "X": 13.0,
    "Y": 242.0,
    "Scale": 1.0,
    "HorizontalFacing": "Left",
    "VerticalFacing": "Up"
  },
  {
    "Type": "GameInfo",
    "X": 6.0,
    "Y": 32.0,
    "Scale": 1.0,
    "HorizontalFacing": "Left",
    "VerticalFacing": "Up",
    "Radius": 4.25,
    "shadow-Value": 10.0,
    "Shadow-Color": "Background",
    "Shadow-Red": 0,
    "Shadow-Green": 111,
    "Shadow-Blue": 255
  },
  {
    "Type": "GameInfo2",
    "X": 10.0,
    "Y": 146.0,
    "Scale": 1.0,
    "HorizontalFacing": "Left",
    "VerticalFacing": "Up",
    "Radius": 4.25,
    "shadow-Value": 10.0,
    "Shadow-Color": "Background",
    "Shadow-Red": 0,
    "Shadow-Green": 111,
    "Shadow-Blue": 255
  },
  {
    "Type": "HealthHud",
    "X": 584.0,
    "Y": 462.0,
    "Scale": 1.0,
    "HorizontalFacing": "Left",
    "VerticalFacing": "Up",
    "Shadow": "None",
    "blur": false,
    "noting": 1.0E-7
  }
]
