{
  "CommandPrefix": ".",
  "targets": {
    "TargetPlayer": true,
    "TargetMobs": false,
    "TargetAnimals": false,
    "TargetInvisible": false,
    "TargetDead": false
  },
  "features": {
    "AntiForge": false,
    "AntiForgeFML": true,
    "AntiForgeProxy": true,
    "AntiForgePayloads": true,
    "BungeeSpoof": false,
    "AutoReconnectDelay": 5000
  },
  "thealtening": {
    "API-Key": ""
  },
  "liquidchat": {
    "token": ""
  },
  "DonatorCape": {
    "TransferCode": "",
    "CapeEnabled": true
  },
  "Background": {
    "Enabled": true,
    "Particles": false
  },
  "Aimbot": {
    "Range": 4.4,
    "TurnSpeed": 2.0,
    "FOV": 180.0,
    "Center": false,
    "Lock": true,
    "OnClick": false,
    "Jitter": false
  },
  "Animations": {
    "Blocking-X": 0.0,
    "Blocking-Y": 0.0,
    "Blocking-Z": -0.3,
    "Blocking-scale": 0.8,
    "Held-X": 0.0,
    "Held-Y": 0.0,
    "Held-Z": -0.3,
    "Held-scale": 0.8,
    "Held": true,
    "Progress": true,
    "Progress1.8": true,
    "Rotate-Speed": 1.0,
    "RotateMode": "RotateY",
    "CustomRotateXAxis": 0.0,
    "CustomRotateYAxis": 0.0,
    "CustomRotateZAxis": 0.0,
    "Swing-Speed": 4,
    "Sword": "1.7"
  },
  "AntiAFK": {
    "Mode": "Random",
    "SwingDelay": 100,
    "RotationDelay": 100,
    "RotationAngle": 1.0,
    "Jump": true,
    "Move": true,
    "Rotate": true,
    "Swing": true
  },
  "AntiBlind": {
    "Confusion": true,
    "Pumpkin": true,
    "Fire": false
  },
  "AntiBot": {
    "Tab": false,
    "TabMode": "Contains",
    "EntityID": false,
    "Color": false,
    "LivingTime": false,
    "LivingTimeTicks": 40,
    "Ground": true,
    "Air": false,
    "InvalidGround": false,
    "Swing": false,
    "Health": false,
    "Derp": false,
    "WasInvisible": false,
    "Armor": false,
    "Ping": false,
    "NeedHit": false,
    "DuplicateInWorld": false,
    "DuplicateInTab": false
  },
  "AtAllProvider": {
    "MinDelay": 500,
    "MaxDelay": 1000,
    "Retry": false
  },
  "AutoArmor": {
    "MinDelay": 100,
    "MaxDelay": 200,
    "InvOpen": false,
    "SimulateInventory": true,
    "NoMove": false,
    "ItemDelay": 0,
    "Hotbar": true
  },
  "AutoBow": {
    "WaitForBowAimbot": true
  },
  "AutoClicker": {
    "MaxCPS": 8,
    "MinCPS": 5,
    "Right": true,
    "Left": true,
    "Jitter": false
  },
  "AutoGG": {
    "GG-Mode": "HYT4V4",
    "Text": "GG"
  },
  "AutoHead": {
    "EatHead": true,
    "EatApples": true,
    "Health": 10.0,
    "Delay": 750
  },
  "AutoLeave": {
    "Health": 8.0,
    "Mode": "Quit"
  },
  "AutoPot": {
    "Health": 15.0,
    "Delay": 500,
    "OpenInv": false,
    "SimulateInventory": true,
    "GroundDistance": 2.0,
    "Mode": "Normal"
  },
  "AutoRespawn": {
    "Instant": true
  },
  "AutoSoup": {
    "Health": 15.0,
    "Delay": 150,
    "OpenInv": false,
    "SimulateInventory": true,
    "Bowl": "Drop"
  },
  "AutoWeapon": {
    "SpoofItem": false,
    "SpoofTicks": 10
  },
  "Blink": {
    "Pulse": false,
    "PulseDelay": 1000
  },
  "BlinkPro": {
    "HytBlink": true,
    "Pulse": false,
    "PulseDelay": 1000
  },
  "BlockESP": {
    "Mode": "Box",
    "Block": 26,
    "Radius": 40,
    "R": 255,
    "G": 179,
    "B": 72,
    "Rainbow": false
  },
  "BlockOverlay": {
    "R": 68,
    "G": 117,
    "B": 255,
    "Rainbow": false,
    "Info": false
  },
  "BlockWalk": {
    "Cobweb": true,
    "Snow": true
  },
  "BowAimbot": {
    "Silent": true,
    "Predict": true,
    "ThroughWalls": false,
    "PredictSize": 2.0,
    "Priority": "Direction",
    "Mark": true
  },
  "Breadcrumbs": {
    "R": 255,
    "G": 179,
    "B": 72,
    "Rainbow": false
  },
  "BufferSpeed": {
    "SpeedLimit": true,
    "MaxSpeed": 2.0,
    "Buffer": true,
    "Stairs": true,
    "StairsBoost": 1.87,
    "StairsMode": "New",
    "Slabs": true,
    "SlabsBoost": 1.87,
    "SlabsMode": "New",
    "Ice": false,
    "IceBoost": 1.342,
    "Snow": true,
    "SnowBoost": 1.87,
    "SnowPort": true,
    "Wall": true,
    "WallBoost": 1.87,
    "WallMode": "New",
    "HeadBlock": true,
    "HeadBlockBoost": 1.87,
    "Slime": true,
    "AirStrafe": false,
    "NoHurt": true
  },
  "BugUp": {
    "Mode": "FlyFlag",
    "MaxFallDistance": 10,
    "MaxDistanceToSetback": 2.5,
    "Indicator": true
  },
  "Chams": {
    "Targets": true,
    "Chests": true,
    "Items": true
  },
  "ChestAura": {
    "Range": 5.0,
    "Delay": 100,
    "ThroughWalls": true,
    "VisualSwing": true,
    "Chest": 54,
    "Rotations": true
  },
  "ChestStealer": {
    "MaxDelay": 200,
    "MinDelay": 150,
    "TakeRandomized": false,
    "OnlyItems": false,
    "NoCompass": false,
    "AutoClose": true,
    "AutoCloseMaxDelay": 0,
    "AutoCloseMinDelay": 0,
    "CloseOnFull": true,
    "ChestTitle": false
  },
  "CivBreak": {
    "Range": 5.0,
    "Rotations": true,
    "VisualSwing": true,
    "Air-Reset": true,
    "Range-Reset": true
  },
  "ClickGUI": {
    "Style": "Slowly",
    "Scale": 1.0,
    "MaxElements": 15,
    "R": 0,
    "G": 160,
    "B": 255,
    "Rainbow": false,
    "Background": "Default",
    "Animation": "Azura",
    "Background Accent": true
  },
  "Clip": {
    "Mode": "Teleport",
    "Horizontal": 0.0,
    "Vertical": 5.0
  },
  "ConsoleSpammer": {
    "Mode": "Payload",
    "Delay": 0
  },
  "Criticals": {
    "Mode": "Packet",
    "Delay": 0,
    "HurtTime": 10
  },
  "Criticals2": {
    "Mode": "Packet",
    "Delay": 0,
    "SendC06": false,
    "HurtTime": 10
  },
  "Damage": {
    "Mode": "NCP",
    "Damage": 1
  },
  "Derp": {
    "Headless": false,
    "Spinny": false,
    "Increment": 1.0
  },
  "DisablerC03": {
    "C03Range": 6.0
  },
  "ESP": {
    "Mode": "Real2D",
    "Outline-Width": 3.0,
    "WireFrame-Width": 2.0,
    "ShaderOutline-Radius": 1.35,
    "ShaderGlow-Radius": 2.3,
    "R": 255,
    "datou": "caomou",
    "G": 255,
    "B": 255,
    "Rainbow": false,
    "Team": true
  },
  "EnchantEffect": {
    "R": 0,
    "G": 160,
    "B": 255,
    "Alpha": 255,
    "RainBow": false
  },
  "FastBow": {
    "Packets": 20
  },
  "FastBreak": {
    "BreakDamage": 0.8
  },
  "FastClimb": {
    "Mode": "Vanilla",
    "Speed": 0.2872
  },
  "FastPlace": {
    "Speed": 0
  },
  "FastStairs": {
    "Mode": "NCP",
    "LongJump": false
  },
  "FastUse": {
    "Mode": "Hyt",
    "NoMove": false,
    "CustomDelay": 0,
    "CustomSpeed": 2,
    "CustomTimer": 1.1
  },
  "Fly": {
    "Mode": "Vanilla",
    "VanillaSpeed": 2.0,
    "VanillaKickBypass": false,
    "NCPMotion": 0.0,
    "AAC1.9.10-Speed": 0.3,
    "AAC3.0.5-Fast": true,
    "AAC3.3.12-Motion": 10.0,
    "AAC3.3.13-Motion": 10.0,
    "Hypixel-Boost": true,
    "Hypixel-BoostDelay": 1200,
    "Hypixel-BoostTimer": 1.0,
    "MineplexSpeed": 1.0,
    "NeruxVace-Ticks": 6,
    "Mark": true
  },
  "FreeCam": {
    "Speed": 0.8,
    "Fly": true,
    "NoClip": true
  },
  "Fucker": {
    "Block": 26,
    "ThroughWalls": "None",
    "Range": 5.0,
    "Action": "Destroy",
    "Instant": false,
    "SwitchDelay": 250,
    "Swing": true,
    "Rotations": true,
    "Surroundings": true,
    "NoHit": false
  },
  "Fullbright": {
    "Mode": "Gamma"
  },
  "GhostHand": {
    "Block": 54
  },
  "GrimFull": {
    "Mode": "New",
    "S08Disable": true,
    "ReEnable": true
  },
  "GrimVelocity2": {
    "GroundTicks": 6,
    "AirTicks": 6,
    "OnlyGround": false,
    "OnlyMove": false,
    "TestNoMove": true,
    "CancelS12": true,
    "CancelSpacket": false,
    "CancelSpacket1": false,
    "CancelCpacket": false,
    "Test": false,
    "TestValue": 4,
    "SafeMode": false,
    "AutoDisable": "Silent",
    "AutoDisableSilentTicks": 4,
    "Debug": false
  },
  "HUD": {
    "notificationStyle": "None",
    "BlackHotbar": true,
    "InventoryParticle": false,
    "Blur": false,
    "FontChat": false,
    "BlurStrength": 15.0,
    "BlurRadius": 10,
    "DoubleColor-Speed": 100,
    "RainbowStart": 0.41,
    "RainbowStop": 0.58,
    "RainbowSaturation": 0.7,
    "RainbowBrightness": 1.0,
    "RainbowSpeed": 1500
  },
  "HighJump": {
    "Height": 2.0,
    "Mode": "Vanilla",
    "OnlyGlassPane": false
  },
  "HitBox": {
    "Size": 0.4
  },
  "HytAutoLeos": {
    "Health": 5.0,
    "MessageA": false,
    "Message": "[LRQ]Bye~"
  },
  "HytDisabler": {
    "Mode": "HytSpartan",
    "HytAAC": false,
    "Debug": false
  },
  "HytGapple": {
    "Mode": "Once",
    "Health": 10.0,
    "Delay": 150,
    "NoAbsorption": true
  },
  "HytGetName": {
    "GetNameMode": "4V4/1V1"
  },
  "HytKillFix": {
    "hurttime": 10,
    "hurttime2": 10,
    "AirRange": 3.0,
    "GroundRange": 3.4,
    "Debug": false
  },
  "HytNoLagBack": {
    "Mode": "AAC5"
  },
  "IceSpeed": {
    "Mode": "NCP"
  },
  "Ignite": {
    "Lighter": true,
    "Lava": true
  },
  "InventoryCleaner": {
    "MaxDelay": 600,
    "MinDelay": 400,
    "InvOpen": false,
    "SimulateInventory": true,
    "NoMove": false,
    "IgnoreVehicles": false,
    "Hotbar": true,
    "RandomSlot": false,
    "Sort": true,
    "ItemDelay": 0,
    "SortSlot-1": "Sword",
    "SortSlot-2": "Bow",
    "SortSlot-3": "Pickaxe",
    "SortSlot-4": "Axe",
    "SortSlot-5": "None",
    "SortSlot-6": "None",
    "SortSlot-7": "Food",
    "SortSlot-8": "Block",
    "SortSlot-9": "Block"
  },
  "InventoryMove": {
    "Undetectable": false,
    "AACAdditionPro": false,
    "NoMoveClicks": false
  },
  "ItemESP": {
    "Mode": "Box",
    "R": 0,
    "G": 255,
    "B": 0,
    "Rainbow": true
  },
  "ItemTeleport": {
    "Mode": "New",
    "ResetAfterTP": true,
    "Button": "Middle"
  },
  "KeepAlive": {
    "Mode": "/heal"
  },
  "Kick": {
    "Mode": "Quit"
  },
  "KillAura": {
    "MaxCPS": 13,
    "MinCPS": 10,
    "HurtTime": 10,
    "Cooldown": 0.0,
    "Range": 3.4,
    "BlockRange": 3.36,
    "ThroughWallsRange": 2.14,
    "RangeSprintReducement": 0.0,
    "Priority": "Distance",
    "TargetMode": "Single",
    "SwitchDelay": 700,
    "Swing": true,
    "KeepSprint": true,
    "AutoBlock-AfterAttack": false,
    "AutoBlock": "Packet",
    "InteractAutoBlock": true,
    "RayCast": true,
    "RayCastIgnored": false,
    "LivingRayCast": false,
    "AAC": false,
    "RotationMode": "Test",
    "SilentRotation": true,
    "Strafe": "Strict",
    "RandomCenter": false,
    "Outborder": false,
    "MaxTurnSpeed": 180.0,
    "MinTurnSpeed": 180.0,
    "Predict": true,
    "MaxPredictSize": 0.63,
    "MinPredictSize": 0.49,
    "Lighting": true,
    "Lighting-Mode": "Dead",
    "Lighting-Sound": true,
    "FOV": 147.86,
    "AlwaysHitable": true,
    "FailRate": 0.0,
    "StopSprintOnAir": true,
    "FakeSwing": true,
    "NoInvAttack": false,
    "NoInvDelay": 200,
    "LimitedMultiTargets": 0,
    "Mark": "Jello",
    "jelloRed": 255,
    "jelloGreen": 255,
    "jelloBlue": 255,
    "FakeSharp": true,
    "Circle": true,
    "CircleRed": 255,
    "CircleGreen": 255,
    "CircleBlue": 255,
    "CircleAlpha": 255,
    "CircleAccuracy": 15
  },
  "KillAura2": {
    "MaxCPS": 17,
    "MinCPS": 17,
    "HurtTime": 10,
    "Cooldown": 0.0,
    "SwitchDelay": 982,
    "Range": 3.4,
    "ThroughWallsRange": 2.0,
    "RangeSprintReducement": 0.0,
    "Priority": "Distance",
    "TargetMode": "Switch",
    "Swing": true,
    "KeepSprint": true,
    "AutoBlock": "Packet",
    "InteractAutoBlock": false,
    "BlockRate": 100,
    "RayCast": true,
    "RayCastIgnored": false,
    "LivingRayCast": false,
    "AAC": false,
    "MaxTurnSpeed": 180.0,
    "MinTurnSpeed": 180.0,
    "RotationMode": "New",
    "SilentRotation": true,
    "Strafe": "Strict",
    "RandomCenter": false,
    "Outborder": false,
    "FOV": 180.0,
    "Predict": true,
    "MaxPredictSize": 0.54,
    "MinPredictSize": 0.41,
    "FailRate": 0.0,
    "FakeSwing": true,
    "NoInvAttack": false,
    "NoInvDelay": 200,
    "LimitedMultiTargets": 0,
    "Mark": "Jello",
    "HitEffect": "Always",
    "LightingSound": false,
    "FakeSharp": true,
    "Circle": true,
    "CircleRed": 220,
    "CircleGreen": 204,
    "CircleBlue": 198,
    "CircleAlpha": 191,
    "CircleThickness": 2.0
  },
  "LiquidChat": {
    "JWT": false
  },
  "LiquidWalk": {
    "Mode": "NCP",
    "NoJump": false,
    "AACFlyMotion": 0.5
  },
  "Logo": {
    "A": 150,
    "Radius": 0,
    "Chinese": false
  },
  "LongJump": {
    "Mode": "NCP",
    "NCPBoost": 4.25,
    "AutoJump": false
  },
  "NameProtect": {
    "AllPlayers": false,
    "SkinProtect": true,
    "FakeName": "\u0026cMe"
  },
  "NameTags": {
    "Health": true,
    "Ping": false,
    "Distance": false,
    "Armor": true,
    "ClearNames": false,
    "Font": {
      "fontName": "Roboto Medium",
      "fontSize": 40
    },
    "Border": true,
    "Scale": 1.03
  },
  "NoFOV": {
    "FOV": 1.0
  },
  "NoFall": {
    "Mode": "SpoofGround",
    "MinMLGHeight": 5.0
  },
  "NoPitchLimit": {
    "ServerSide": true
  },
  "NoRotateSet": {
    "Confirm": true,
    "ConfirmIllegalRotation": false,
    "NoZero": false
  },
  "NoSlow": {
    "Packet": false,
    "PacketMode": "Grim",
    "BlockForwardMultiplier": 1.0,
    "BlockStrafeMultiplier": 1.0,
    "ConsumeForwardMultiplier": 1.0,
    "ConsumeStrafeMultiplier": 1.0,
    "BowForwardMultiplier": 1.0,
    "BowStrafeMultiplier": 1.0,
    "CustomOnGround": false,
    "CustomDelay": 60,
    "Soulsand": false
  },
  "NoSlowBreak": {
    "Air": true,
    "Water": false
  },
  "NoSwing": {
    "ServerSide": true
  },
  "NoWeb": {
    "Mode": "None"
  },
  "Nuker": {
    "Radius": 5.2,
    "ThroughWalls": false,
    "Priority": "Distance",
    "Rotations": true,
    "Layer": false,
    "HitDelay": 4,
    "Nuke": 1,
    "NukeDelay": 1
  },
  "OldHitting": {
    "Mode": "LiquidSense"
  },
  "Phase": {
    "Mode": "Vanilla"
  },
  "Projectiles": {
    "Color": "Custom",
    "R": 0,
    "G": 160,
    "B": 255
  },
  "ProphuntESP": {
    "R": 0,
    "G": 90,
    "B": 255,
    "Rainbow": false
  },
  "Reach": {
    "CombatReach": 0.0,
    "BuildReach": 0.0
  },
  "Regen": {
    "Mode": "Vanilla",
    "Health": 18,
    "Food": 18,
    "Speed": 100,
    "NoAir": false,
    "PotionEffect": false
  },
  "ReverseStep": {
    "Motion": 1.0
  },
  "Rotations": {
    "Body": true
  },
  "SafeWalk": {
    "AirSafe": false
  },
  "Scaffold": {
    "Mode": "Normal",
    "MaxDelay": 0,
    "MinDelay": 0,
    "PlaceableDelay": true,
    "AutoBlock": "Pick",
    "Sprint": false,
    "Swing": true,
    "Search": true,
    "Down": false,
    "Picker": false,
    "PlaceTiming": "Pre",
    "Eagle": "Off",
    "BlocksToEagle": 0,
    "EagleEdgeDistance": 0.2,
    "ExpandLength": 5,
    "RotationStrafe": true,
    "RotationMode": "StaticYaw",
    "SilentRotation": true,
    "KeepRotation": true,
    "KeepRotationLength": 0,
    "StaticPitchOffset": 90.0,
    "StaticYawOffset": 0.0,
    "xzRange": 0.1,
    "yRange": 0.1,
    "SearchAccuracy": 1,
    "MaxTurnSpeed": 180.0,
    "MinTurnSpeed": 180.0,
    "Zitter": false,
    "ZitterMode": "Teleport",
    "ZitterSpeed": 0.13,
    "ZitterStrength": 0.072,
    "Timer": 1.0,
    "SpeedModifier": 1.0,
    "Slow": false,
    "SlowSpeed": 0.6,
    "SameY": true,
    "SmartSpeed": false,
    "AutoJump": false,
    "SafeWalk": true,
    "AirSafe": false,
    "Counter": true,
    "Mark": true,
    "AutoTimer": false
  },
  "ScaffoldHelp": {
    "Mode": "Fix",
    "AutoJump": false
  },
  "ServerCrasher": {
    "Mode": "Book"
  },
  "SkinDerp": {
    "Delay": 0,
    "Hat": true,
    "Jacket": true,
    "LeftPants": true,
    "RightPants": true,
    "LeftSleeve": true,
    "RightSleeve": true
  },
  "SlimeJump": {
    "Motion": 0.42,
    "Mode": "Add"
  },
  "Sneak": {
    "Mode": "MineSecure",
    "StopMove": false
  },
  "Spammer": {
    "MaxDelay": 1000,
    "MinDelay": 500,
    "Message": "LRQ Client | liquidbounce(.net) | CCBlueX on yt",
    "Custom": false
  },
  "Speed": {
    "Mode": "NCPBHop",
    "CustomSpeed": 1.6,
    "CustomY": 0.0,
    "CustomTimer": 1.0,
    "CustomStrafe": true,
    "CustomResetXZ": false,
    "CustomResetY": false,
    "AAC-PortLength": 1.0,
    "AACGround-Timer": 3.0,
    "CubeCraft-PortLength": 1.0,
    "MineplexGround-Speed": 0.5
  },
  "SpeedMine": {
    "Mode": "NewPacket",
    "BreakSpeed": 1.2,
    "Tenacity-Speed": 1.5
  },
  "Sprint": {
    "AllDirections": false,
    "Blindness": false,
    "Food": false,
    "CheckServerSide": true,
    "CheckServerSideOnlyGround": false
  },
  "Step": {
    "Mode": "NCP",
    "Height": 1.0,
    "JumpHeight": 0.42,
    "Delay": 0
  },
  "StorageESP": {
    "Mode": "Outline",
    "Chest": true,
    "EnderChest": true,
    "Furnace": true,
    "Dispenser": true,
    "Hopper": true,
    "ShulkerBox": true
  },
  "SuperKnockback": {
    "HurtTime": 10
  },
  "TNTBlock": {
    "Fuse": 10,
    "Range": 9.0,
    "AutoSword": true
  },
  "Teams": {
    "ScoreboardTeam": false,
    "Color": false,
    "GommeSW": false,
    "ArmorColor": true,
    "HytFixed": false
  },
  "Teleport": {
    "IgnoreNoCollision": true,
    "Mode": "Blink",
    "Button": "Middle"
  },
  "Timer": {
    "Speed": 2.0,
    "OnMove": true
  },
  "Title": {
    "TimeDisplay": false,
    "Title": "LRQ"
  },
  "Tower": {
    "Mode": "Motion",
    "AutoBlock": true,
    "StayAutoBlock": false,
    "Swing": true,
    "StopWhenBlockAbove": false,
    "Rotations": true,
    "KeepRotation": false,
    "OnJump": false,
    "PlaceTiming": "Post",
    "Timer": 1.0,
    "JumpMotion": 0.42,
    "JumpDelay": 0,
    "ConstantMotion": 0.42,
    "ConstantMotionJumpGround": 0.79,
    "TeleportHeight": 1.15,
    "TeleportDelay": 0,
    "TeleportGround": true,
    "TeleportNoMotion": false,
    "Counter": true
  },
  "Tracers": {
    "Color": "Custom",
    "Thickness": 2.0,
    "R": 0,
    "G": 160,
    "B": 255
  },
  "Trigger": {
    "MaxCPS": 8,
    "MinCPS": 5
  },
  "TrueSight": {
    "Barriers": true,
    "Entities": true
  },
  "Velocity": {
    "Horizontal": 0.0,
    "Vertical": 0.0,
    "Mode": "Vanilla",
    "AAC4XZReducer": 1.36,
    "NewAAC4XZReducer": 0.45,
    "VelocityTick": 1,
    "ReverseStrength": 1.0,
    "SmoothReverseStrength": 0.05,
    "HytPacketASet": 0.35,
    "HytPacketBSet": 0.5,
    "AACPushXZReducer": 2.0,
    "AACPushYReducer": true,
    "noFire": false,
    "NoCobweb": true,
    "HytOnlyGround": true,
    "CustomX": 0.0,
    "CanCustomY": false,
    "CustomY": 1.0,
    "CustomZ": 0.0,
    "CustomC06FakeLag": false
  },
  "Velocity2": {
    "Horizontal": 0.0,
    "Vertical": 0.0,
    "Mode": "NewGrimAC",
    "AAC4XZReducer": 1.36,
    "NewAAC4XZReducer": 0.45,
    "VelocityTick": 1,
    "ReverseStrength": 1.0,
    "SmoothReverseStrength": 0.05,
    "HytPacketASet": 0.35,
    "HytPacketBSet": 0.5,
    "AACPushXZReducer": 2.0,
    "AACPushYReducer": true,
    "noFire": false,
    "NoCobweb": true,
    "HytOnlyGround": true,
    "CustomX": 0.0,
    "CanCustomY": false,
    "CustomY": 1.0,
    "CustomZ": 0.0,
    "CustomC06FakeLag": false
  },
  "VisualColor": {
    "blur": false,
    "Shadow": false,
    "ClientRed": 0,
    "ClientGreen": 255,
    "ClientBlue": 255,
    "ClientRed2": 255,
    "ClientGreen2": 40,
    "ClientBlue2": 255,
    "DoubleColor-Speed": 100
  },
  "WallClimb": {
    "Mode": "Simple",
    "ClipMode": "Fast",
    "CheckerClimbMotion": 0.0
  },
  "WaterSpeed": {
    "Speed": 1.2
  },
  "Zoot": {
    "BadEffects": true,
    "Fire": true,
    "NoAir": false
  }
}
