{
  "Combat": {
    "open": true,
    "visible": true,
    "posX": 223,
    "posY": 28,
    "Aimbot": {
      "Settings": false
    },
    "AntiFireBall": {
      "Settings": false
    },
    "AutoArmor": {
      "Settings": false
    },
    "AutoBow": {
      "Settings": false
    },
    "AutoClicker": {
      "Settings": false
    },
    "AutoHead": {
      "Settings": false
    },
    "AutoPot": {
      "Settings": false
    },
    "AutoRunaway": {
      "Settings": false
    },
    "AutoSoup": {
      "Settings": false
    },
    "AutoWeapon": {
      "Settings": false
    },
    "BowAimbot": {
      "Settings": false
    },
    "Criticals": {
      "Settings": false
    },
    "FastBow": {
      "Settings": false
    },
    "GrimVelocity": {
      "Settings": false
    },
    "HitBox": {
      "Settings": false
    },
    "Ignite": {
      "Settings": false
    },
    "KillAura": {
      "Settings": false
    },
    "NoFriends": {
      "Settings": false
    },
    "SuperKnockback": {
      "Settings": false
    },
    "TNTBlock": {
      "Settings": false
    },
    "TeleportHit": {
      "Settings": false
    },
    "Trigger": {
      "Settings": false
    },
    "Velocity": {
      "Settings": false
    }
  },
  "World": {
    "open": false,
    "visible": true,
    "posX": 429,
    "posY": 11,
    "Ambience": {
      "Settings": false
    },
    "ChestAura": {
      "Settings": false
    },
    "ChestStealer": {
      "Settings": false
    },
    "CivBreak": {
      "Settings": false
    },
    "FastBreak": {
      "Settings": false
    },
    "FastPlace": {
      "Settings": false
    },
    "Fucker": {
      "Settings": false
    },
    "Liquids": {
      "Settings": false
    },
    "NoSlowBreak": {
      "Settings": false
    },
    "Nuker": {
      "Settings": false
    },
    "Scaffold": {
      "Settings": false
    },
    "Scaffold2": {
      "Settings": false
    },
    "Scaffold3": {
      "Settings": false
    },
    "SpeedMine": {
      "Settings": false
    },
    "Timer": {
      "Settings": false
    },
    "Tower": {
      "Settings": false
    }
  },
  "Misc": {
    "open": true,
    "visible": true,
    "posX": 15,
    "posY": 45,
    "AntiBot": {
      "Settings": false
    },
    "AtAllProvider": {
      "Settings": false
    },
    "BetterFPS": {
      "Settings": false
    },
    "ChatTranslator": {
      "Settings": false
    },
    "ComponentOnHover": {
      "Settings": false
    },
    "HytNoLagBack": {
      "Settings": false
    },
    "MemoryFix": {
      "Settings": false
    },
    "MidClick": {
      "Settings": false
    },
    "NameProtect": {
      "Settings": false
    },
    "NoRotateSet": {
      "Settings": false
    },
    "ResourcePackSpoof": {
      "Settings": false
    },
    "Spammer": {
      "Settings": false
    },
    "Teams": {
      "Settings": false
    },
    "Title": {
      "Settings": false
    }
  },
  "Exploit": {
    "open": true,
    "visible": true,
    "posX": 855,
    "posY": 140,
    "AbortBreaking": {
      "Settings": false
    },
    "AntiHunger": {
      "Settings": false
    },
    "Clip": {
      "Settings": false
    },
    "ConsoleSpammer": {
      "Settings": false
    },
    "Damage": {
      "Settings": false
    },
    "Disabler": {
      "Settings": false
    },
    "ForceUnicodeChat": {
      "Settings": false
    },
    "ItemTeleport": {
      "Settings": false
    },
    "KeepContainer": {
      "Settings": false
    },
    "NoPitchLimit": {
      "Settings": false
    },
    "Phase": {
      "Settings": false
    },
    "PingSpoof": {
      "Settings": false
    },
    "Plugins": {
      "Settings": false
    },
    "PortalMenu": {
      "Settings": false
    },
    "ServerCrasher": {
      "Settings": false
    },
    "Teleport": {
      "Settings": false
    },
    "VehicleOneHit": {
      "Settings": false
    }
  },
  "Hyt": {
    "open": true,
    "visible": true,
    "posX": 734,
    "posY": 69,
    "AntiName": {
      "Settings": false
    },
    "AutoL": {
      "Settings": false
    },
    "AutoPlatform": {
      "Settings": false
    },
    "AutoPlay": {
      "Settings": false
    },
    "HytAutoLeos": {
      "Settings": false
    },
    "HytGapple": {
      "Settings": false
    },
    "NoC03": {
      "Settings": false
    },
    "ScaffoldHelper": {
      "Settings": false
    }
  },
  "Targets": {
    "open": true,
    "visible": true,
    "posX": 135,
    "posY": 118
  },
  "Movement": {
    "open": false,
    "visible": true,
    "posX": 349,
    "posY": 70,
    "AirLadder": {
      "Settings": true
    },
    "BufferSpeed": {
      "Settings": false
    },
    "FastClimb": {
      "Settings": false
    },
    "FastStairs": {
      "Settings": false
    },
    "Fly": {
      "Settings": false
    },
    "Freeze": {
      "Settings": false
    },
    "HighJump": {
      "Settings": false
    },
    "IceSpeed": {
      "Settings": false
    },
    "InvMove": {
      "Settings": false
    },
    "LiquidWalk": {
      "Settings": false
    },
    "LongJump": {
      "Settings": false
    },
    "NoClip": {
      "Settings": false
    },
    "NoJumpDelay": {
      "Settings": false
    },
    "NoSlow": {
      "Settings": false
    },
    "NoWeb": {
      "Settings": false
    },
    "Parkour": {
      "Settings": false
    },
    "SafeWalk": {
      "Settings": false
    },
    "Sneak": {
      "Settings": false
    },
    "Speed": {
      "Settings": false
    },
    "Sprint": {
      "Settings": false
    },
    "Step": {
      "Settings": false
    },
    "Strafe": {
      "Settings": false
    },
    "TargetStrafe": {
      "Settings": false
    },
    "WallClimb": {
      "Settings": false
    }
  },
  "Player": {
    "open": false,
    "visible": true,
    "posX": 579,
    "posY": 79,
    "AntiAFK": {
      "Settings": false
    },
    "AntiCactus": {
      "Settings": false
    },
    "AutoFish": {
      "Settings": false
    },
    "AutoRespawn": {
      "Settings": false
    },
    "AutoTool": {
      "Settings": false
    },
    "Blink": {
      "Settings": false
    },
    "Eagle": {
      "Settings": false
    },
    "FastUse": {
      "Settings": false
    },
    "InventoryCleaner": {
      "Settings": false
    },
    "NoFall": {
      "Settings": false
    },
    "PotionSaver": {
      "Settings": false
    },
    "Reach": {
      "Settings": false
    },
    "Regen": {
      "Settings": false
    },
    "VelocityBlink": {
      "Settings": false
    }
  },
  "Render": {
    "open": true,
    "visible": true,
    "posX": 460,
    "posY": 54,
    "AColorPalette": {
      "Settings": false
    },
    "Animations": {
      "Settings": false
    },
    "AntiBlind": {
      "Settings": false
    },
    "AsianHat": {
      "Settings": false
    },
    "BlockESP": {
      "Settings": false
    },
    "BlockOverlay": {
      "Settings": false
    },
    "BlurSettings": {
      "Settings": false
    },
    "Breadcrumbs": {
      "Settings": false
    },
    "CameraClip": {
      "Settings": false
    },
    "Chams": {
      "Settings": false
    },
    "ClickGUI": {
      "Settings": false
    },
    "CustomFont": {
      "Settings": false
    },
    "CustomHUD": {
      "Settings": false
    },
    "DMGParticle": {
      "Settings": true
    },
    "ESP": {
      "Settings": false
    },
    "ESP2D": {
      "Settings": false
    },
    "EnchantEffect": {
      "Settings": false
    },
    "FollowTargetHud": {
      "Settings": false
    },
    "FreeCam": {
      "Settings": false
    },
    "Fullbright": {
      "Settings": false
    },
    "GlowESP": {
      "Settings": false
    },
    "HUD": {
      "Settings": false
    },
    "ItemESP": {
      "Settings": false
    },
    "JumpCircle": {
      "Settings": false
    },
    "LogoFix": {
      "Settings": true
    },
    "NameTags": {
      "Settings": false
    },
    "NameTags2": {
      "Settings": false
    },
    "NoBob": {
      "Settings": false
    },
    "NoFOV": {
      "Settings": false
    },
    "NoHurtCam": {
      "Settings": false
    },
    "NoScoreboard": {
      "Settings": false
    },
    "NoSwing": {
      "Settings": false
    },
    "Projectiles": {
      "Settings": false
    },
    "ProphuntESP": {
      "Settings": false
    },
    "Rotations": {
      "Settings": false
    },
    "StorageESP": {
      "Settings": false
    },
    "TNTESP": {
      "Settings": false
    },
    "Tracers": {
      "Settings": false
    },
    "TrueSight": {
      "Settings": false
    },
    "XRay": {
      "Settings": false
    }
  }
}
