[
  {
    "Type": "Notifications",
    "X": -1.0,
    "Y": 30.0,
    "Scale": 1.0,
    "HorizontalFacing": "Right",
    "VerticalFacing": "Down",
    "Mode": "OnLooker",
    "Alpha": 40,
    "Radius": 8.0
  },
  {
    "Type": "Effects",
    "X": -6.0,
    "Y": 166.0,
    "Scale": 1.0,
    "HorizontalFacing": "Left",
    "VerticalFacing": "Up",
    "Mode": "New",
    "BG-Alpha": 27,
    "Ridius": 5.0,
    "Red": 0,
    "Green": 0,
    "Blue": 0,
    "Text-R": 255,
    "Text-G": 244,
    "Text-B": 255,
    "Shadow": false
  },
  {
    "Type": "Sessioninfo",
    "X": 7.0,
    "Y": 51.0,
    "Scale": 1.0,
    "HorizontalFacing": "Left",
    "VerticalFacing": "Up",
    "Mode": "New",
    "Novoline Line": false,
    "Tenacity Speed": false,
    "Tenacity Speed y": 0.0,
    "yMultiplier": 7.0,
    "Height": 50,
    "Thickness": 2.0,
    "radius": 5,
    "Color Alpha": 240,
    "BG Alpha": 40,
    "Text Shadow": false,
    "Text Shadow Strength": 5.0,
    "Red": 0,
    "Green": 0,
    "Blue": 0
  },
  {
    "Type": "TargetHud",
    "X": 260.0,
    "Y": 303.0,
    "Scale": 1.0,
    "HorizontalFacing": "Left",
    "VerticalFacing": "Up",
    "Style": "Event",
    "CFont": false,
    "radius": 5,
    "HP-FadeSpeed": 2.0,
    "Outline": false,
    "BG-Alpha": 40,
    "R": 0,
    "G": 111,
    "B": 255,
    "R2": 0,
    "G2": 111,
    "B2": 255,
    "Rice-Particle": false,
    "Rice-ParticleSpin": false,
    "Circle-Particles": "Solid",
    "Rect-Particles": "Outline",
    "Triangle-Particles": "Outline",
    "Rice-ParticleSpeed": 0.05,
    "Rice-ParticleFade": false,
    "ParticleFadingSpeed": 0.05,
    "Rice-ParticleRange": 50.0,
    "GenerateAmount": 10,
    "MinParticleSize": 0.5,
    "MaxParticleSize": 2.5
  },
  {
    "Type": "Arraylist",
    "X": 1.0,
    "Y": 2.0,
    "Scale": 1.0,
    "HorizontalFacing": "Right",
    "VerticalFacing": "Up",
    "Color": "Custom",
    "Rect-Right": "Rise",
    "Rect-Left": "None",
    "Case": "None",
    "Space": 0.0,
    "TextHeight": 11.0,
    "TextY": 3.0,
    "ShadowText": false,
    "Font": {
      "fontName": "Rubik",
      "fontSize": 18
    },
    "Bg-Radius": 4.0,
    "Background-R": 0,
    "Background-G": 0,
    "Background-B": 0,
    "Background-Alpha": 109,
    "Red": 107,
    "Green": 104,
    "Blue": 255,
    "Alpha": 255,
    "GidentSpeed": 100,
    "Gradinet-Red": 0,
    "Gradinet-Green": 0,
    "Gradinet-Blue": 255,
    "Gradinet-Red-2": 25,
    "Gradinet-Green-2": 45,
    "Gradinet-Blue-2": 150,
    "Saturation": 0.9,
    "Brightness": 1.0,
    "Sky-Distance": 2,
    "CRainbow-Seconds": 2,
    "CRainbow-Distance": 2,
    "LiquidSlowly-Distance": 90,
    "Fade-Distance": 50,
    "HorizontalAnimation": "Astolfo",
    "VerticalAnimation": "Astolfo",
    "Animation-Speed": 0.25,
    "NameBreak": true,
    "Alphabetical-Order": false,
    "Tags": true,
    "TagsStyle": "\u003c\u003e",
    "TagsArrayColor": false
  },
  {
    "Type": "Scoreboard",
    "X": 5.0,
    "Y": -62.0,
    "Scale": 1.0,
    "HorizontalFacing": "Right",
    "VerticalFacing": "Middle",
    "width": 100,
    "Text-R": 255,
    "Text-G": 255,
    "Text-B": 255,
    "Background-R": 0,
    "Background-G": 0,
    "Background-B": 0,
    "Background-Alpha": 100,
    "Radius": 3.0,
    "Domain-Rainbow": false,
    "Domain-R": 0,
    "Domain-G": 111,
    "Domain-B": 255,
    "FakeKill-Died": false,
    "FakeKill-Origin": 150,
    "FakeKill-Bound": 200,
    "ServerIp": "ClientName",
    "NoPoints": false,
    "Font": {
      "fontName": "Minecraft Font",
      "fontSize": -1
    }
  }
]
