{
  "CommandPrefix": ".",
  "targets": {
    "TargetPlayer": true,
    "TargetMobs": false,
    "TargetAnimals": false,
    "TargetInvisible": false,
    "TargetDead": false
  },
  "features": {
    "AntiForge": false,
    "AntiForgeFML": true,
    "AntiForgeProxy": true,
    "AntiForgePayloads": true,
    "BungeeSpoof": false,
    "AutoReconnectDelay": 5000
  },
  "thealtening": {
    "API-Key": ""
  },
  "AColorPalette": {
    "State": false,
    "KeyBind": 0,
    "Array": true,
    "Novo-Line-Color": "Gident",
    "Red": 255,
    "Green": 255,
    "Blue": 255,
    "Red2": 255,
    "Green2": 255,
    "Blue2": 255,
    "Red3": 255,
    "Green3": 255,
    "Blue3": 255,
    "GuiRed": 105,
    "GuiGreen": 25,
    "GuiBlue": 255,
    "GuiRed2": 255,
    "GuiGreen2": 55,
    "GuiBlue2": 255,
    "A": 100,
    "NewNovoline-GradientLoop": 7,
    "NewNovoline-GradientDistance": 56,
    "NewNovoline-Saturation": 1.0,
    "NewNovoline-Brightness": 1.0,
    "NewNovoline-Seconds": 2,
    "ColorSpeed": 100
  },
  "AbortBreaking": {
    "State": false,
    "KeyBind": 0,
    "Array": true
  },
  "Aimbot": {
    "State": false,
    "KeyBind": 0,
    "Array": true,
    "Range": 4.4,
    "TurnSpeed": 2.0,
    "FOV": 180.0,
    "Center": false,
    "Lock": true,
    "OnClick": false,
    "Jitter": false
  },
  "AirLadder": {
    "State": false,
    "KeyBind": 0,
    "Array": true
  },
  "Ambience": {
    "State": false,
    "KeyBind": 0,
    "Array": true,
    "Time": 12000,
    "CycleSpeed": 1,
    "Weather": "Clear",
    "RainStrength": 0.1,
    "Tag": "TimeOnly"
  },
  "Animations": {
    "State": true,
    "KeyBind": 0,
    "Array": true,
    "Blocking-X": 0.0,
    "Blocking-Y": 0.2,
    "Blocking-Z": -0.3,
    "Blocking-scale": 0.28,
    "Held-X": 0.26,
    "Held-Y": 0.07,
    "Held-Z": -0.3,
    "Held-scale": 0.44,
    "Held": true,
    "Progress": true,
    "Progress1.8": true,
    "Rotate-Speed": 1.0,
    "RotateMode": "None",
    "CustomRotateXAxis": 0.0,
    "CustomRotateYAxis": 0.0,
    "CustomRotateZAxis": 0.0,
    "Swing-Speed": 4,
    "Tab-Animation": "Zoom",
    "Sword": "1.7"
  },
  "AntiAFK": {
    "State": false,
    "KeyBind": 0,
    "Array": true,
    "Mode": "Random",
    "SwingDelay": 100,
    "RotationDelay": 100,
    "RotationAngle": 1.0,
    "Jump": true,
    "Move": true,
    "Rotate": true,
    "Swing": true
  },
  "AntiBlind": {
    "State": false,
    "KeyBind": 0,
    "Array": true,
    "Confusion": true,
    "Pumpkin": true,
    "FireEffect": false,
    "Scoreboard": false
  },
  "AntiBot": {
    "State": true,
    "KeyBind": 0,
    "Array": true,
    "Tab": false,
    "TabMode": "Contains",
    "EntityID": true,
    "Color": false,
    "LivingTime": false,
    "LivingTimeTicks": 40,
    "Ground": true,
    "Air": false,
    "InvalidGround": false,
    "Swing": false,
    "Health": false,
    "Derp": false,
    "WasInvisible": false,
    "Armor": true,
    "Ping": false,
    "NeedHit": false,
    "DuplicateInWorld": false,
    "DuplicateInTab": false,
    "AlwaysInRadius": false,
    "AlwaysInRadiusBlocks": 13.73
  },
  "AntiCactus": {
    "State": false,
    "KeyBind": 0,
    "Array": true
  },
  "AntiFireBall": {
    "State": false,
    "KeyBind": 0,
    "Array": true,
    "Swing": "Normal",
    "Rotation": true
  },
  "AntiHunger": {
    "State": false,
    "KeyBind": 0,
    "Array": true
  },
  "AntiName": {
    "State": false,
    "KeyBind": 0,
    "Array": true,
    "Mode": "4v4"
  },
  "AsianHat": {
    "State": false,
    "KeyBind": 0,
    "Array": true,
    "Color": "Custom",
    "Red": 255,
    "Green": 255,
    "Blue": 255,
    "Alpha": 0,
    "EndAlpha": 156,
    "Saturation": 0.45,
    "Brightness": 1.0,
    "Seconds": 2,
    "Color-Space": 6,
    "NoFirstPerson": true,
    "HatBorder": true,
    "BorderAlpha": 255,
    "BorderWidth": 1.0
  },
  "AtAllProvider": {
    "State": false,
    "KeyBind": 0,
    "Array": true,
    "MinDelay": 500,
    "MaxDelay": 1000,
    "Retry": false
  },
  "AutoArmor": {
    "State": false,
    "KeyBind": 0,
    "Array": true,
    "MinDelay": 100,
    "MaxDelay": 200,
    "Test": false,
    "InvOpen": false,
    "SimulateInventory": true,
    "NoMove": false,
    "ItemDelay": 0,
    "Hotbar": true
  },
  "AutoBow": {
    "State": false,
    "KeyBind": 0,
    "Array": true,
    "WaitForBowAimbot": true
  },
  "AutoClicker": {
    "State": true,
    "KeyBind": 0,
    "Array": true,
    "MaxCPS": 20,
    "MinCPS": 15,
    "Right": true,
    "Left": false,
    "Jitter": false
  },
  "AutoFish": {
    "State": false,
    "KeyBind": 0,
    "Array": true
  },
  "AutoHead": {
    "State": false,
    "KeyBind": 0,
    "Array": true,
    "EatHead": true,
    "EatApples": true,
    "Health": 10.0,
    "Delay": 750
  },
  "AutoL": {
    "State": false,
    "KeyBind": 0,
    "Array": true,
    "Mode": "None",
    "Text": "Onlooker 2023/Genuine edition",
    "@": true,
    "Delay": 100
  },
  "AutoPlatform": {
    "State": true,
    "KeyBind": 0,
    "Array": true,
    "MaxFallDistance": 10.0
  },
  "AutoPlay": {
    "State": true,
    "KeyBind": 0,
    "Array": true,
    "Server": "HuaYuTingBW",
    "Auto-Disable": false,
    "TextBoolValue": false,
    "Sound": true,
    "@": false,
    "Text": "[OnLooker]GG"
  },
  "AutoPot": {
    "State": false,
    "KeyBind": 0,
    "Array": true,
    "Health": 15.0,
    "Delay": 500,
    "OpenInv": false,
    "SimulateInventory": true,
    "GroundDistance": 2.0,
    "Mode": "Normal"
  },
  "AutoRespawn": {
    "State": false,
    "KeyBind": 0,
    "Array": true,
    "Instant": true
  },
  "AutoRunaway": {
    "State": false,
    "KeyBind": 0,
    "Array": true,
    "Health": 5.0,
    "Text": "/hub",
    "AutoDisable": true,
    "KeepArmor": true
  },
  "AutoSoup": {
    "State": false,
    "KeyBind": 0,
    "Array": true,
    "Health": 15.0,
    "Delay": 150,
    "OpenInv": false,
    "SimulateInventory": true,
    "Bowl": "Drop"
  },
  "AutoTool": {
    "State": true,
    "KeyBind": 0,
    "Array": true
  },
  "AutoWeapon": {
    "State": true,
    "KeyBind": 0,
    "Array": true,
    "SpoofItem": false,
    "SpoofTicks": 10
  },
  "BetterFPS": {
    "State": false,
    "KeyBind": 0,
    "Array": true,
    "SinMode": "Vanilla",
    "CosMode": "Vanilla"
  },
  "Blink": {
    "State": false,
    "KeyBind": 44,
    "Array": true,
    "Pulse": false,
    "PulseDelay": 500,
    "BypassInfinite": false,
    "cancelC0f": true
  },
  "BlockESP": {
    "State": true,
    "KeyBind": 0,
    "Array": true,
    "Mode": "Box",
    "Block": 26,
    "Radius": 40,
    "R": 255,
    "G": 179,
    "B": 72,
    "Rainbow": false
  },
  "BlockOverlay": {
    "State": true,
    "KeyBind": 0,
    "Array": true,
    "R": 68,
    "G": 117,
    "B": 255,
    "Rainbow": false,
    "Info": false
  },
  "BlurSettings": {
    "State": true,
    "KeyBind": 0,
    "Array": true,
    "BlurMode": "No",
    "ShadowMode": "No",
    "Armor Glow": true,
    "Arraylist Glow": true,
    "SpeedGraph Glow": true,
    "Sessioninfo Glow": true,
    "AutoPlayGG Glow": true,
    "LogoFix  Glow": true,
    "Inventory Glow": true,
    "KeyBinds Glow": true,
    "Effects  Glow": true,
    "Notifications Glow": true,
    "Scoreboard Glow": true,
    "Radar Glow": true,
    "ESP2D Tags Glow": true,
    "TargetHud  Glow": true,
    "HUD BlurUtils Radius": 5,
    "Tenacity-shadowRadius": 2,
    "Tenacity Blur Iterations": 3,
    "Tenacity Blur Offset": 2,
    "Blur Radius": 5,
    "shadowRadius": 6,
    "shadowOffset": 2
  },
  "BowAimbot": {
    "State": false,
    "KeyBind": 0,
    "Array": true,
    "RotationSilent": true,
    "Rotations": "Test",
    "Predict": true,
    "ThroughWalls": false,
    "PredictSize": 2.0,
    "Priority": "Direction",
    "Mark": "Block"
  },
  "Breadcrumbs": {
    "State": false,
    "KeyBind": 0,
    "Array": true,
    "Type": "Line",
    "R": 255,
    "G": 255,
    "B": 255,
    "Alpha": 255,
    "Gident": false,
    "Fade": true,
    "DrawThePlayer": true,
    "DrawTargets": false,
    "FadeTime": 5,
    "Precision": 4,
    "LineWidth": 1,
    "SphereScale": 0.6,
    "OnlyThirdPerson": true
  },
  "BufferSpeed": {
    "State": false,
    "KeyBind": 0,
    "Array": true,
    "SpeedLimit": true,
    "MaxSpeed": 2.0,
    "Buffer": true,
    "Stairs": true,
    "StairsBoost": 1.87,
    "StairsMode": "New",
    "Slabs": true,
    "SlabsBoost": 1.87,
    "SlabsMode": "New",
    "Ice": false,
    "IceBoost": 1.342,
    "Snow": true,
    "SnowBoost": 1.87,
    "SnowPort": true,
    "Wall": true,
    "WallBoost": 1.87,
    "WallMode": "New",
    "HeadBlock": true,
    "HeadBlockBoost": 1.87,
    "Slime": true,
    "AirStrafe": false,
    "NoHurt": true
  },
  "CameraClip": {
    "State": false,
    "KeyBind": 0,
    "Array": true
  },
  "Chams": {
    "State": false,
    "KeyBind": 0,
    "Array": true,
    "Targets": true,
    "Chests": true,
    "Items": true
  },
  "ChatTranslator": {
    "State": false,
    "KeyBind": 0,
    "Array": true,
    "Language": "Chinese",
    "API": "Bing"
  },
  "ChestAura": {
    "State": false,
    "KeyBind": 0,
    "Array": true,
    "Range": 5.0,
    "Delay": 100,
    "ThroughWalls": true,
    "VisualSwing": true,
    "Chest": 54,
    "Rotations": true
  },
  "ChestStealer": {
    "State": false,
    "KeyBind": 0,
    "Array": true,
    "MaxDelay": 200,
    "MinDelay": 150,
    "UsePacket": true,
    "OnEvent": "Render3D",
    "TakeRandomized": false,
    "OnlyItems": false,
    "NoCompass": false,
    "NoDuplicateNonStackable": false,
    "AutoClose": true,
    "SilentMode": true,
    "Silent-ShowString": false,
    "Silent-StillDisplay": false,
    "AutoCloseMaxDelay": 0,
    "AutoCloseMinDelay": 0,
    "CloseOnFull": true,
    "ChestTitle": false
  },
  "CivBreak": {
    "State": false,
    "KeyBind": 0,
    "Array": true,
    "Range": 5.0,
    "Rotations": true,
    "VisualSwing": true,
    "Air-Reset": true,
    "Range-Reset": true
  },
  "ClickGUI": {
    "State": false,
    "KeyBind": 54,
    "Array": true,
    "Style": "Null",
    "Mode": "LiquidBounce",
    "Setting Accent": "Color",
    "Scroll Mode": "Value",
    "Tab Height": 250,
    "Scale": 1.0,
    "MaxElements": 15,
    "Rainbow": false,
    "Background Accent": true
  },
  "Clip": {
    "State": false,
    "KeyBind": 0,
    "Array": true,
    "Mode": "Teleport",
    "Horizontal": 0.0,
    "Vertical": 5.0
  },
  "ComponentOnHover": {
    "State": false,
    "KeyBind": 0,
    "Array": true
  },
  "ConsoleSpammer": {
    "State": false,
    "KeyBind": 0,
    "Array": true,
    "Mode": "Payload",
    "Delay": 0
  },
  "Criticals": {
    "State": false,
    "KeyBind": 0,
    "Array": true,
    "Mode": "Packet",
    "Delay": 0,
    "HurtTime": 10,
    "DebugMessage": false,
    "UseC06Packet": false,
    "KillChat": true
  },
  "CustomFont": {
    "State": false,
    "KeyBind": 0,
    "Array": true,
    "ShadowMode": "Default",
    "FontWidth": 7,
    "ShadowStrengh": 0.1
  },
  "CustomHUD": {
    "State": false,
    "KeyBind": 0,
    "Array": true
  },
  "DMGParticle": {
    "State": false,
    "KeyBind": 0,
    "Array": true
  },
  "Damage": {
    "State": false,
    "KeyBind": 0,
    "Array": true,
    "Mode": "NCP",
    "Damage": 1
  },
  "Disabler": {
    "State": false,
    "KeyBind": 0,
    "Array": true,
    "OnAura": false,
    "ClearPacket": true,
    "CleanPacketDelay": 1500,
    "ClearPacketDelay2": true,
    "PacketMinDelay": 4500,
    "PacketMaxDelay": 5500,
    "Grim-lag": 5,
    "NoBPacket": false,
    "Debug": true
  },
  "ESP": {
    "State": true,
    "KeyBind": 0,
    "Array": true,
    "Mode": "CSGO",
    "Outline-Width": 3.0,
    "ShaderOutline-Radius": 1.35,
    "ShaderGlow-Radius": 2.3,
    "CSGO-DirectLine": false,
    "CSGO-ShowHealth": true,
    "CSGO-ShowHeldItem": true,
    "CSGO-ShowName": true,
    "CSGOOld-Width": 2.0,
    "ColorMode": "Name",
    "R": 255,
    "G": 255,
    "B": 255,
    "Rainbow": false,
    "Invisible": false
  },
  "ESP2D": {
    "State": false,
    "KeyBind": 0,
    "Array": true,
    "Player": true,
    "Animals": false,
    "Mobs": false,
    "Minecraft Font": false,
    "Item Held": true,
    "Box": false,
    "Box Mode": "Double Color",
    "Degree": "30",
    "Health Bar": true,
    "Health Bar Mode": "Color",
    "Health Bar Text": true,
    "Tags": true,
    "Tag Scale": 0.5,
    "Item Held Tag Scale": 0.5,
    "Health Text": true,
    "Background": true
  },
  "Eagle": {
    "State": false,
    "KeyBind": 34,
    "Array": true
  },
  "EnchantEffect": {
    "State": false,
    "KeyBind": 0,
    "Array": true,
    "R": 0,
    "G": 160,
    "B": 255,
    "Alpha": 255,
    "RainBow": false
  },
  "FastBow": {
    "State": false,
    "KeyBind": 0,
    "Array": true,
    "Packets": 20
  },
  "FastBreak": {
    "State": false,
    "KeyBind": 0,
    "Array": true,
    "BreakDamage": 0.8
  },
  "FastClimb": {
    "State": false,
    "KeyBind": 0,
    "Array": true,
    "Mode": "Vanilla",
    "Speed": 0.2872
  },
  "FastPlace": {
    "State": false,
    "KeyBind": 0,
    "Array": true,
    "Speed": 0
  },
  "FastStairs": {
    "State": false,
    "KeyBind": 0,
    "Array": true,
    "Mode": "NCP",
    "LongJump": false
  },
  "FastUse": {
    "State": false,
    "KeyBind": 0,
    "Array": true,
    "Mode": "GrimInstant",
    "NoMove": false,
    "CustomDelay": 0,
    "CustomSpeed": 2,
    "CustomTimer": 1.1,
    "GrimAC": 0.5
  },
  "Fly": {
    "State": false,
    "KeyBind": 0,
    "Array": true,
    "Mode": "Vanilla",
    "VanillaSpeed": 2.0,
    "VanillaKickBypass": false,
    "NCPMotion": 0.0,
    "AAC1.9.10-Speed": 0.3,
    "AAC3.0.5-Fast": true,
    "AAC3.3.12-Motion": 10.0,
    "AAC3.3.13-Motion": 10.0,
    "Hypixel-Boost": true,
    "Hypixel-BoostDelay": 1200,
    "Hypixel-BoostTimer": 1.0,
    "MineplexSpeed": 1.0,
    "NeruxVace-Ticks": 6,
    "Mark": true
  },
  "FollowTargetHud": {
    "State": false,
    "KeyBind": 0,
    "Array": true,
    "ZoomIn": true,
    "Mode": "Arris",
    "Font": {
      "fontName": "Roboto Medium",
      "fontSize": 20
    },
    "MaterialShadow": false,
    "FDPVertical": false,
    "FDPDrawText": true,
    "FDPRed": false,
    "test": true,
    "Blur": false,
    "Shadow": false,
    "JelloHPColor": true,
    "JelloAlpha": 170,
    "Scale": 1.0,
    "TanslateY": 0.55,
    "TranslateX": 0.0
  },
  "ForceUnicodeChat": {
    "State": false,
    "KeyBind": 0,
    "Array": true
  },
  "FreeCam": {
    "State": false,
    "KeyBind": 0,
    "Array": true,
    "Speed": 0.8,
    "Fly": true,
    "NoClip": true
  },
  "Freeze": {
    "State": false,
    "KeyBind": 0,
    "Array": true
  },
  "Fucker": {
    "State": false,
    "KeyBind": 0,
    "Array": true,
    "Block": 26,
    "ThroughWalls": "None",
    "Range": 5.0,
    "Action": "Destroy",
    "Instant": false,
    "SwitchDelay": 250,
    "Swing": true,
    "Rotations": true,
    "Surroundings": true,
    "NoHit": false
  },
  "Fullbright": {
    "State": false,
    "KeyBind": 0,
    "Array": true,
    "Mode": "Gamma"
  },
  "GlowESP": {
    "State": false,
    "KeyBind": 0,
    "Array": true,
    "Radius": 2.0,
    "Exposure": 2.2,
    "Seperate Texture": false,
    "Players": false,
    "Animals": false,
    "Mobs": false
  },
  "GrimVelocity": {
    "State": false,
    "KeyBind": 19,
    "Array": true,
    "GroundTicks": 3,
    "AirTicks": 3,
    "NoS12": false,
    "CancelPacket": "none",
    "C0fResend": false,
    "S32Test": false,
    "DelayClintPacket": true,
    "ServerPacketTest": false,
    "NoMoveFix": false,
    "OnlyMove": false,
    "OnlyGround": false,
    "AutoDisableMode": "Silent",
    "AutoSilentTicks": 10,
    "debug": false
  },
  "HUD": {
    "State": true,
    "KeyBind": 0,
    "Array": false,
    "DisplayToggleMessage": true,
    "ToggleSound": "Custom",
    "R": 255,
    "G": 255,
    "B": 255,
    "ChineseScore ": true,
    "FontChat": false,
    "ChatRect": false,
    "ChatAnimation": true,
    "BlackHotbar": true,
    "BlackHotbarBlur": true,
    "Hotbar": false,
    "HotbarEase": true,
    "HueInterpolate": false,
    "InventoryParticle": false,
    "ColorMode": "Light Rainbow"
  },
  "HighJump": {
    "State": false,
    "KeyBind": 0,
    "Array": true,
    "Height": 2.0,
    "Mode": "Vanilla",
    "OnlyGlassPane": false
  },
  "HitBox": {
    "State": false,
    "KeyBind": 0,
    "Array": true,
    "Size": 0.4
  },
  "HytAutoLeos": {
    "State": false,
    "KeyBind": 0,
    "Array": true,
    "Health": 5.0,
    "KeepArmor": false,
    "Message": false,
    "Messages": "[OnLooker]"
  },
  "HytGapple": {
    "State": false,
    "KeyBind": 0,
    "Array": true,
    "Mode": "Once",
    "Health": 10.0,
    "Delay": 150,
    "NoAbsorption": true
  },
  "HytNoLagBack": {
    "State": false,
    "KeyBind": 0,
    "Array": true,
    "Mode": "AAC5"
  },
  "IceSpeed": {
    "State": false,
    "KeyBind": 0,
    "Array": true,
    "Mode": "NCP"
  },
  "Ignite": {
    "State": false,
    "KeyBind": 0,
    "Array": true,
    "Lighter": true,
    "Lava": true
  },
  "InvMove": {
    "State": true,
    "KeyBind": 0,
    "Array": true,
    "NoDetectable": false,
    "Rotate": true,
    "AACAdditionPro": false,
    "NoMoveClicks": false
  },
  "InventoryCleaner": {
    "State": false,
    "KeyBind": 0,
    "Array": true,
    "MaxDelay": 600,
    "MinDelay": 400,
    "InvOpen": true,
    "SimulateInventory": true,
    "NoMove": false,
    "IgnoreVehicles": false,
    "Hotbar": true,
    "RandomSlot": false,
    "Sort": true,
    "ItemDelay": 0,
    "SortSlot-1": "Sword",
    "SortSlot-2": "Gapple",
    "SortSlot-3": "Block",
    "SortSlot-4": "Pearl",
    "SortSlot-5": "Ignore",
    "SortSlot-6": "TNT",
    "SortSlot-7": "Arrow",
    "SortSlot-8": "Pickaxe",
    "SortSlot-9": "Water"
  },
  "ItemESP": {
    "State": false,
    "KeyBind": 0,
    "Array": true,
    "Mode": "Box",
    "R": 0,
    "G": 255,
    "B": 0,
    "Rainbow": true
  },
  "ItemTeleport": {
    "State": false,
    "KeyBind": 0,
    "Array": true,
    "Mode": "New",
    "ResetAfterTP": true,
    "Button": "Middle"
  },
  "JumpCircle": {
    "State": false,
    "KeyBind": 0,
    "Array": true,
    "Red": 255,
    "Green": 255,
    "Blue": 255,
    "Radius": 3,
    "Width": 0.5,
    "Strength": 0.02,
    "OnlySelf": true
  },
  "KeepContainer": {
    "State": false,
    "KeyBind": 0,
    "Array": true,
    "KeyName": "insert"
  },
  "KillAura": {
    "State": false,
    "KeyBind": 19,
    "Array": true,
    "DisplayMode": "Simple",
    "MaxCPS": 12,
    "MinCPS": 7,
    "HurtTime": 9,
    "Cooldown": 1.0,
    "HytKillFix": true,
    "Range": 3.0,
    "GroundRange": 3.45,
    "AirRange": 3.0,
    "CancelC03Range": 4.2,
    "ThroughWallsRange": 1.85,
    "RangeSprintReducement": 0.0,
    "Priority": "Distance",
    "TargetMode": "Switch",
    "FailChange": false,
    "FailDebug": false,
    "FailRange": 3.0,
    "FailCount": 2,
    "FailRangeKeepTick": 15,
    "ShieldBlock": false,
    "KeepSprint": false,
    "StopSprintOnAir": true,
    "AirBypass": true,
    "HytAutoStrafeFix": true,
    "AutoBlock": "Range",
    "AutoBlockRange": 3.0,
    "AutoBlockPacket": "Vanilla",
    "VanillaMode": "TryUseItem",
    "InteractAutoBlock": true,
    "AutoBlock-AfterTck": false,
    "AutoBlock-AfterAttack": false,
    "AutoBlockFacing": false,
    "RayCast": true,
    "RayCastIgnored": false,
    "LivingRayCast": true,
    "AAC": false,
    "MaxTurnSpeed": 72.0,
    "MinTurnSpeed": 49.85,
    "Lighting": false,
    "Lighting-Mode": "Dead",
    "Lighting-Sound": true,
    "RandomCenter": true,
    "RotationMode": "HytRotation",
    "HYTRotationsMode": "Head",
    "xMin": 0.45,
    "xMax": 0.55,
    "xDist": 0.0125,
    "yMin": 0.65,
    "yMax": 0.75,
    "yDist": 0.0125,
    "zMin": 0.45,
    "zMax": 0.55,
    "zDist": 0.0125,
    "Outborder": false,
    "SilentRotation": true,
    "Strafe": "Strict",
    "FOV": 180.0,
    "AlwaysHitable": false,
    "SwitchDelay": 2000,
    "Predict": false,
    "MaxPredictSize": 1.0,
    "MinPredictSize": 1.0,
    "FailRate": 0.0,
    "FakeSwing": false,
    "NoInvAttack": false,
    "NoInvDelay": 200,
    "LimitedMultiTargets": 0,
    "Mark": "Block",
    "JelloColor": "Custom",
    "JelloRed": 255,
    "JelloGreen": 255,
    "JelloBlue": 255,
    "JelloAlpha": 255,
    "Saturation": 1.0,
    "Brightness": 1.0,
    "JelloTeam": false,
    "JelloEndAlphaPercent": 0.4,
    "JelloCircleWidth": 3.0,
    "JelloGradientHeight": 3.0,
    "JelloFadeSpeed": 0.1,
    "FakeSharp": false,
    "CircleTarget": true,
    "Circle": true,
    "CircleRed": 255,
    "CircleGreen": 255,
    "CircleBlue": 255,
    "CircleAlpha": 255,
    "CircleAccuracy": 60
  },
  "LiquidWalk": {
    "State": false,
    "KeyBind": 0,
    "Array": true,
    "Mode": "NCP",
    "NoJump": false,
    "AACFlyMotion": 0.5
  },
  "Liquids": {
    "State": false,
    "KeyBind": 0,
    "Array": true
  },
  "LogoFix": {
    "State": true,
    "KeyBind": 0,
    "Array": true,
    "Logo": "Neverlose2",
    "LogoColorMode": "Gident",
    "ClientName": "OnLooker-Reborn",
    "Info": false,
    "Colors": false,
    "hueInterpolation": false,
    "Shadow": false,
    "ShadowStrength": 10.0,
    "r": 160,
    "b": 50,
    "g": 255
  },
  "LongJump": {
    "State": false,
    "KeyBind": 0,
    "Array": true,
    "Mode": "NCP",
    "NCPBoost": 4.25,
    "AutoJump": false
  },
  "MemoryFix": {
    "State": false,
    "KeyBind": 0,
    "Array": true,
    "Delay": 120.0,
    "Limit": 80.0,
    "Speed": 0.05
  },
  "MidClick": {
    "State": false,
    "KeyBind": 0,
    "Array": true
  },
  "NameProtect": {
    "State": false,
    "KeyBind": 0,
    "Array": true,
    "AllPlayers": false,
    "SkinProtect": true,
    "FakeName": "\u0026cMe"
  },
  "NameTags": {
    "State": false,
    "KeyBind": 0,
    "Array": true,
    "Health": true,
    "Ping": true,
    "Distance": false,
    "Armor": true,
    "ClearNames": false,
    "Font": {
      "fontName": "Roboto Medium",
      "fontSize": 20
    },
    "Border": true,
    "Scale": 1.0
  },
  "NameTags2": {
    "State": false,
    "KeyBind": 0,
    "Array": true,
    "Mode": "Liquid",
    "Health": true,
    "Ping": true,
    "Bots": true,
    "Distance": false,
    "Armor": true,
    "ClearNames": false,
    "Border": true,
    "Scale": 1.0,
    "JelloHPColor": true,
    "Alpha": 170
  },
  "NoBob": {
    "State": false,
    "KeyBind": 0,
    "Array": true
  },
  "NoC03": {
    "State": false,
    "KeyBind": 46,
    "Array": true
  },
  "NoClip": {
    "State": false,
    "KeyBind": 0,
    "Array": true
  },
  "NoFOV": {
    "State": true,
    "KeyBind": 0,
    "Array": true,
    "FOV": 1.17
  },
  "NoFall": {
    "State": false,
    "KeyBind": 0,
    "Array": true,
    "Mode": "SpoofGround",
    "MinMLGHeight": 5.0,
    "TEST": 1000.0,
    "TEST2": 1000.0,
    "Fall": 0.0
  },
  "NoFriends": {
    "State": false,
    "KeyBind": 0,
    "Array": true
  },
  "NoHurtCam": {
    "State": true,
    "KeyBind": 0,
    "Array": true
  },
  "NoJumpDelay": {
    "State": true,
    "KeyBind": 0,
    "Array": true
  },
  "NoPitchLimit": {
    "State": false,
    "KeyBind": 0,
    "Array": true,
    "ServerSide": true
  },
  "NoRotateSet": {
    "State": false,
    "KeyBind": 0,
    "Array": true,
    "Confirm": true,
    "ConfirmIllegalRotation": false,
    "NoZero": false
  },
  "NoScoreboard": {
    "State": true,
    "KeyBind": 0,
    "Array": true
  },
  "NoSlow": {
    "State": true,
    "KeyBind": 0,
    "Array": true,
    "PacketMode": "Grim",
    "BlockForward": 1.0,
    "BlockStrafe": 1.0,
    "ConsumeForward": 1.0,
    "ConsumeStrafe": 1.0,
    "BowForward": 1.0,
    "BowStrafe": 1.0,
    "SendC08": true,
    "Soulsand": true,
    "Shield": false
  },
  "NoSlowBreak": {
    "State": false,
    "KeyBind": 0,
    "Array": true,
    "Air": true,
    "Water": false
  },
  "NoSwing": {
    "State": false,
    "KeyBind": 0,
    "Array": true,
    "ServerSide": true
  },
  "NoWeb": {
    "State": false,
    "KeyBind": 0,
    "Array": true,
    "Mode": "None"
  },
  "Nuker": {
    "State": false,
    "KeyBind": 0,
    "Array": true,
    "Radius": 5.2,
    "ThroughWalls": false,
    "Priority": "Distance",
    "Rotations": true,
    "Layer": false,
    "HitDelay": 4,
    "Nuke": 1,
    "NukeDelay": 1
  },
  "Parkour": {
    "State": false,
    "KeyBind": 0,
    "Array": true
  },
  "Phase": {
    "State": false,
    "KeyBind": 0,
    "Array": true,
    "Mode": "Vanilla"
  },
  "PingSpoof": {
    "State": false,
    "KeyBind": 44,
    "Array": true,
    "MinDelay": 500,
    "MaxDelay": 1000
  },
  "Plugins": {
    "State": false,
    "KeyBind": 0,
    "Array": true
  },
  "PortalMenu": {
    "State": false,
    "KeyBind": 0,
    "Array": true
  },
  "PotionSaver": {
    "State": false,
    "KeyBind": 0,
    "Array": true
  },
  "Projectiles": {
    "State": false,
    "KeyBind": 0,
    "Array": true,
    "Color": "Custom",
    "R": 0,
    "G": 160,
    "B": 255
  },
  "ProphuntESP": {
    "State": false,
    "KeyBind": 0,
    "Array": true,
    "R": 0,
    "G": 90,
    "B": 255,
    "Rainbow": false
  },
  "Reach": {
    "State": false,
    "KeyBind": 0,
    "Array": true,
    "CombatReach": 3.5,
    "BuildReach": 5.0
  },
  "Regen": {
    "State": false,
    "KeyBind": 0,
    "Array": true,
    "Mode": "Vanilla",
    "Health": 18,
    "Food": 18,
    "Speed": 100,
    "NoAir": false,
    "PotionEffect": false
  },
  "ResourcePackSpoof": {
    "State": false,
    "KeyBind": 0,
    "Array": true
  },
  "Rotations": {
    "State": true,
    "KeyBind": 0,
    "Array": true,
    "Body": true
  },
  "SafeWalk": {
    "State": false,
    "KeyBind": 0,
    "Array": true,
    "AirSafe": false
  },
  "Scaffold": {
    "State": false,
    "KeyBind": 0,
    "Array": true,
    "EnableTower": false,
    "TowerMode": "Motion",
    "Tower-PlaceTiming": "Post",
    "StopWhenBlockAbove": false,
    "OnJump": false,
    "NoMove": true,
    "TowerTimer": 1.0,
    "JumpMotion": 0.42,
    "JumpDelay": 0,
    "ConstantMotion": 0.42,
    "ConstantMotionJumpGround": 0.79,
    "TeleportHeight": 1.15,
    "TeleportDelay": 0,
    "TeleportGround": true,
    "TeleportNoMotion": false,
    "Mode": "Normal",
    "PlaceableDelay": false,
    "MaxDelay": 0,
    "MinDelay": 0,
    "SmartDelay": true,
    "AutoBlock": "Spoof",
    "StayAutoBlock": false,
    "SprintMode": "Air",
    "Sprint": true,
    "Swing": true,
    "Down": false,
    "Search": true,
    "PlaceTiming": "Post",
    "Eagle": false,
    "EagleSilent": false,
    "BlocksToEagle": 0,
    "EagleEdgeDistance": 0.2,
    "OmniDirectionalExpand": true,
    "ExpandLength": 5,
    "SearchAccuracy": 8,
    "xzRange": 0.8,
    "yRange": 0.8,
    "Rotations": true,
    "NoHitCheck": false,
    "RotationMode": "Normal",
    "RotationLookup": "Normal",
    "MaxTurnSpeed": 180.0,
    "MinTurnSpeed": 180.0,
    "HypixelYaw": 180,
    "HypixelPitch": 79,
    "Static-Pitch": 86.0,
    "Custom-Yaw": 135.0,
    "Custom-Pitch": 86.0,
    "KeepRotOnJump": true,
    "KeepRotation": false,
    "KeepRotationLength": 0,
    "Place-Condition": "Always",
    "RotationStrafe": false,
    "Zitter": false,
    "ZitterMode": "Teleport",
    "ZitterSpeed": 0.13,
    "ZitterStrength": 0.072,
    "ZitterDelay": 100,
    "Timer": 1.0,
    "SpeedModifier": 1.0,
    "CustomSpeed": false,
    "CustomMoveSpeed": 0.3,
    "SameY": false,
    "AutoJump": false,
    "SmartSpeed": false,
    "SafeWalk": true,
    "AirSafe": false,
    "AutoDisable-Speed": true,
    "Counter": "Simple",
    "Mark": false,
    "Red": 0,
    "Green": 120,
    "Blue": 255,
    "Alpha": 120
  },
  "Scaffold2": {
    "State": false,
    "KeyBind": 0,
    "Array": true,
    "Mode": "Normal",
    "MaxDelay": 28,
    "MinDelay": 28,
    "PlaceableDelay": true,
    "AutoBlock": "Switch",
    "Sprint": false,
    "Swing": true,
    "Search": true,
    "Down": false,
    "Picker": true,
    "PlaceTiming": "Pre",
    "Eagle": "Off",
    "BlocksToEagle": 0,
    "EagleEdgeDistance": 0.0,
    "ExpandLength": 1,
    "RotationStrafe": true,
    "RotationMode": "StaticYaw",
    "SilentRotation": true,
    "KeepRotation": true,
    "KeepRotationLength": 0,
    "StaticPitchOffset": 86.0,
    "StaticYawOffset": 0.0,
    "xzRange": 0.8,
    "yRange": 0.8,
    "SearchAccuracy": 8,
    "MaxTurnSpeed": 180.0,
    "MinTurnSpeed": 180.0,
    "Zitter": false,
    "ZitterMode": "Teleport",
    "ZitterSpeed": 0.13,
    "ZitterStrength": 0.072,
    "Timer": 1.0,
    "SpeedModifier": 0.15,
    "Slow": false,
    "SlowSpeed": 0.6,
    "SameY": true,
    "SmartSpeed": false,
    "AutoJump": false,
    "SafeWalk": true,
    "AirSafe": false,
    "Counter": true,
    "Mark": true,
    "SbXiatian": false,
    "AutoTimer": false
  },
  "Scaffold3": {
    "State": false,
    "KeyBind": 0,
    "Array": true,
    "Mode": "Normal",
    "MaxDelay": 0,
    "MinDelay": 0,
    "FallDownDelay": 0,
    "PlaceDelay": true,
    "AutoBlock": "Spoof",
    "Sprint": true,
    "SprintMode": "air",
    "Swing": true,
    "Search": true,
    "Down": true,
    "PlaceTiming": "Post",
    "PlaceCondition": "Always",
    "RotCondition": "Always",
    "PlaceAirTime": 0,
    "RotAirTime": 0,
    "Eagle": "Normal",
    "BlocksToEagle": 0,
    "EagleEdgeDistance": 0.0,
    "OmniDirectionalExpand": false,
    "ExpandLength": 1,
    "Strafe": "Off",
    "Rotations": true,
    "RotationsHytHelper": false,
    "SilentRotation": true,
    "KeepRotation": true,
    "KeepRotationLength": 0,
    "XYZSearch": "AutoCenter",
    "xzRange": 0.8,
    "yRange": 0.8,
    "MinDist": 0.0,
    "SearchAccuracy": 8,
    "MaxTurnSpeed": 180.0,
    "MinTurnSpeed": 180.0,
    "Zitter": "Off",
    "ZitterSpeed": 0.13,
    "ZitterStrength": 0.05,
    "Timer": 1.0,
    "SpeedModifier": 1.0,
    "Slow": false,
    "SlowSpeed": 0.6,
    "SameY": false,
    "SafeWalk": true,
    "AirSafe": false,
    "Fallfastplace": false,
    "fastplace": false,
    "Counter": true,
    "Mark": false
  },
  "ScaffoldHelper": {
    "State": false,
    "KeyBind": 33,
    "Array": true,
    "ScffoldMode": "Scffold2",
    "RotationFix": false,
    "ScffoldTimer": false,
    "Jump": false,
    "Move": false
  },
  "ServerCrasher": {
    "State": false,
    "KeyBind": 0,
    "Array": true,
    "Mode": "Book"
  },
  "Sneak": {
    "State": false,
    "KeyBind": 0,
    "Array": true,
    "Mode": "MineSecure",
    "StopMove": false
  },
  "Spammer": {
    "State": false,
    "KeyBind": 0,
    "Array": true,
    "MaxDelay": 1000,
    "MinDelay": 500,
    "Message": "OnLooker Reborn Client | liquidbounce(.net) | CCBlueX on yt",
    "Custom": false
  },
  "Speed": {
    "State": false,
    "KeyBind": 0,
    "Array": true,
    "Mode": "NCPBHop",
    "AAC-PortLength": 1.0,
    "AACGround-Timer": 3.0
  },
  "SpeedMine": {
    "State": false,
    "KeyBind": 0,
    "Array": true
  },
  "Sprint": {
    "State": true,
    "KeyBind": 0,
    "Array": true,
    "AllDirections": true,
    "Blindness": true,
    "Food": true,
    "CheckServerSide": false,
    "CheckServerSideOnlyGround": false
  },
  "Step": {
    "State": false,
    "KeyBind": 0,
    "Array": true,
    "Mode": "NCP",
    "Height": 1.0,
    "JumpHeight": 0.42,
    "Delay": 0
  },
  "StorageESP": {
    "State": false,
    "KeyBind": 0,
    "Array": true,
    "Mode": "Outline",
    "Chest": true,
    "EnderChest": true,
    "Furnace": true,
    "Dispenser": true,
    "Hopper": true,
    "ShulkerBox": true
  },
  "Strafe": {
    "State": false,
    "KeyBind": 0,
    "Array": true
  },
  "SuperKnockback": {
    "State": true,
    "KeyBind": 0,
    "Array": true,
    "HurtTime": 10
  },
  "TNTBlock": {
    "State": false,
    "KeyBind": 0,
    "Array": true,
    "Fuse": 10,
    "Range": 9.0,
    "AutoSword": true
  },
  "TNTESP": {
    "State": false,
    "KeyBind": 0,
    "Array": true
  },
  "TargetStrafe": {
    "State": false,
    "KeyBind": 0,
    "Array": true,
    "RenderMode": "Pentagon",
    "ThirdPersonView": false,
    "Radius": 0.1,
    "OnlyOnGround": false,
    "HoldSpace": false,
    "OnlySpeed": false,
    "keyFly": false
  },
  "Teams": {
    "State": true,
    "KeyBind": 0,
    "Array": true,
    "ScoreboardTeam": false,
    "Color": true,
    "GommeSW": false,
    "ArmorColor": false,
    "Hyt4v4": false,
    "Hyt4v4Anti": false,
    "ArmorIndex": 3
  },
  "Teleport": {
    "State": false,
    "KeyBind": 0,
    "Array": true,
    "IgnoreNoCollision": true,
    "Mode": "Blink",
    "Button": "Middle"
  },
  "TeleportHit": {
    "State": false,
    "KeyBind": 0,
    "Array": true
  },
  "Timer": {
    "State": false,
    "KeyBind": 0,
    "Array": true,
    "Speed": 1.0,
    "OnMove": true
  },
  "Title": {
    "State": false,
    "KeyBind": 0,
    "Array": true,
    "SetTitle": "OnLooker Reborn Config by NorthShore ",
    "Copywriting": "1.12.2"
  },
  "Tower": {
    "State": false,
    "KeyBind": 0,
    "Array": true,
    "Mode": "Motion",
    "AutoBlock": true,
    "StayAutoBlock": false,
    "Swing": true,
    "StopWhenBlockAbove": false,
    "Rotations": true,
    "KeepRotation": false,
    "OnJump": false,
    "PlaceTiming": "Post",
    "Timer": 1.0,
    "JumpMotion": 0.42,
    "JumpDelay": 0,
    "ConstantMotion": 0.42,
    "ConstantMotionJumpGround": 0.79,
    "TeleportHeight": 1.15,
    "TeleportDelay": 0,
    "TeleportGround": true,
    "TeleportNoMotion": false,
    "Counter": true
  },
  "Tracers": {
    "State": false,
    "KeyBind": 0,
    "Array": true,
    "Color": "Custom",
    "Thickness": 2.0,
    "R": 0,
    "G": 160,
    "B": 255
  },
  "Trigger": {
    "State": false,
    "KeyBind": 0,
    "Array": true,
    "MaxCPS": 8,
    "MinCPS": 5
  },
  "TrueSight": {
    "State": false,
    "KeyBind": 0,
    "Array": true,
    "Barriers": true,
    "Entities": true
  },
  "VehicleOneHit": {
    "State": false,
    "KeyBind": 0,
    "Array": true
  },
  "Velocity": {
    "State": false,
    "KeyBind": 19,
    "Array": true,
    "Mode": "Simple",
    "Horizontal": 0.0,
    "Vertical": 0.0,
    "GroundTicks": 0,
    "AirTicks": 0,
    "Test": false,
    "TestValue": 0,
    "NoS12": false,
    "CancelS12": false,
    "TestNoMove": false,
    "CancelPacket": "S32",
    "CancelSpacket": false,
    "CancelSpacket1": false,
    "CancelCpacket": false,
    "C0fResend": false,
    "S32Test": false,
    "ServerPacketTest": false,
    "DelayClintPacket": false,
    "AutoSilentTicks": 8,
    "NoMoveFix": false,
    "noFire": false,
    "OnlyGround": false,
    "OnlyMove": false,
    "SafeMode": false
  },
  "VelocityBlink": {
    "State": false,
    "KeyBind": 0,
    "Array": true,
    "Pulse": false,
    "PulseDelay": 1000,
    "CancelC0f": true,
    "CancelS32": true,
    "C0fResend": true,
    "CancelAllClientPacket": true,
    "CancelServerPacket": true
  },
  "WallClimb": {
    "State": false,
    "KeyBind": 0,
    "Array": true,
    "Mode": "Simple",
    "ClipMode": "Fast",
    "CheckerClimbMotion": 0.0
  },
  "XRay": {
    "State": false,
    "KeyBind": 0,
    "Array": true
  }
}
