[
  {
    "Type": "Notifications",
    "X": 138.0,
    "Y": 7.0,
    "Scale": 1.05,
    "HorizontalFacing": "Right",
    "VerticalFacing": "Down"
  },
  {
    "Type": "Text",
    "X": 126.0,
    "Y": 19.0,
    "Scale": 1.1499999,
    "HorizontalFacing": "Left",
    "VerticalFacing": "Up",
    "Brightness": 1.0,
    "Border-Mode": "Slide",
    "DisplayText": "Ping:%ping%",
    "Text-R": 102,
    "Text-G": 255,
    "Text-B": 255,
    "Text-R2": 112,
    "Text-G2": 97,
    "Text-B2": 255,
    "GidentSpeed": 100,
    "NewRainbowOffset": 1,
    "AstolfoOffset": 5,
    "AstolfoRange": 109,
    "AstolfoIndex": 109,
    "Saturation": 0.9,
    "Text-Color": "Custom",
    "Watermark-Rainbow": false,
    "Watermark-Red": 255,
    "Watermark-Green": 255,
    "Watermark-Blue": 255,
    "Watermark-Red2": 255,
    "Watermark-Green2": 255,
    "Watermark-Blue2": 255,
    "Rainbow-X": -1000.0,
    "Rainbow-Y": -1000.0,
    "Shadow": true,
    "Border": false,
    "Slide": false,
    "NotChar": false,
    "SlideDelay": 100,
    "BordAlpha": 255,
    "Distance": 0,
    "Amount": 25,
    "Font": {
      "fontName": "Bold",
      "fontSize": 40
    }
  },
  {
    "Type": "RiseTarget",
    "X": 499.0,
    "Y": 176.0,
    "Scale": 1.0,
    "HorizontalFacing": "Left",
    "VerticalFacing": "Up",
    "Rise-Count": 5,
    "Rise-Size": 1.0,
    "Rise-Alpha": 0.7,
    "Rise-Distance": 1.0,
    "Rise-MoveTime": 20,
    "Rise-FadeTime": 20
  },
  {
    "Type": "Arraylist2",
    "X": 1.0,
    "Y": 3.0,
    "Scale": 0.99999994,
    "HorizontalFacing": "Right",
    "VerticalFacing": "Up",
    "Color": "Gradinet",
    "Blur": true,
    "Blur-Strength": 0.0,
    "ShadowText": true,
    "Shadow": true,
    "Shadow-NoCut": false,
    "Shadow-Strength": 1,
    "Shadow-Color": "Background",
    "Shadow-Red": 58,
    "Shadow-Green": 111,
    "Shadow-Blue": 255,
    "Red": 255,
    "Green": 203,
    "Blue": 255,
    "R2": 100,
    "G2": 173,
    "B2": 255,
    "GidentSpeed": 825,
    "Alpha": 255,
    "Gradinet-Offset": 0.2,
    "Gradinet-Speed": 2.0,
    "Gradinet-Red": 0,
    "Gradinet-Green": 0,
    "Gradinet-Blue": 255,
    "Gradinet-Red-2": 49,
    "Gradinet-Green-2": 45,
    "Gradinet-Blue-2": 150,
    "Saturation": 0.9,
    "Brightness": 1.0,
    "Sky-Distance": 2,
    "CRainbow-Seconds": 2,
    "CRainbow-Distance": 2,
    "LiquidSlowly-Distance": 90,
    "Fade-Distance": 58,
    "HorizontalAnimation": "Default",
    "VerticalAnimation": "None",
    "Animation-Speed": 0.046330273,
    "NameBreak": false,
    "Alphabetical-Order": false,
    "Tags": true,
    "TagsStyle": "[]",
    "Background-R": 128,
    "Background-G": 255,
    "Background-B": 255,
    "Background-Alpha": 126,
    "Rect-Right": "None",
    "Rect-Left": "None",
    "Case": "None",
    "Space": 5.0,
    "TextHeight": 6.055046,
    "TextY": 0.0,
    "TagsArrayColor": false,
    "Font": {
      "fontName": "Bold",
      "fontSize": 35
    }
  },
  {
    "Type": "Scoreboard2",
    "X": 129.0,
    "Y": 4.0,
    "Scale": 1.1499999,
    "HorizontalFacing": "Right",
    "VerticalFacing": "Middle",
    "Text-R": 255,
    "Text-G": 255,
    "Text-B": 255,
    "Background-R": 172,
    "Background-G": 255,
    "Background-B": 255,
    "Background-Alpha": 39,
    "Rect": false,
    "Rect-Color": "Custom",
    "Rect-R": 243,
    "Rect-G": 111,
    "Rect-B": 255,
    "Rect-Alpha": 232,
    "Shadow": false,
    "ServerIp": "ClientName",
    "NoPoints": true,
    "Font": {
      "fontName": "Roboto Medium",
      "fontSize": 40
    }
  },
  {
    "Type": "Armor",
    "X": -68.0,
    "Y": 16.0,
    "Scale": 0.9,
    "HorizontalFacing": "Middle",
    "VerticalFacing": "Down",
    "Damage": false,
    "BG": false,
    "Alpha": 120,
    "CFont": true,
    "Alignment": "Horizontal"
  },
  {
    "Type": "Radar",
    "X": 1.0,
    "Y": 87.0,
    "Scale": 1.0,
    "HorizontalFacing": "Left",
    "VerticalFacing": "Up",
    "Size": 84.02299,
    "View Distance": 3.7586207,
    "Player Shape": "Circle",
    "Player Size": 2.0,
    "Use ESP Colors": true,
    "FOV Size": 10.0,
    "FOV Angle": 62.873566,
    "Minimap": false,
    "Rainbow-X": -954.54553,
    "Rainbow-Y": -1000.0,
    "Background Red": 73,
    "Background Green": 255,
    "Background Blue": 252,
    "Background Alpha": 21,
    "Border Strength": 2.0,
    "Border Red": 67,
    "Border Green": 0,
    "Border Blue": 0,
    "Border Alpha": 79,
    "Border Rainbow": false
  },
  {
    "Type": "Text",
    "X": 1.0,
    "Y": 244.0,
    "Scale": 1.2999997,
    "HorizontalFacing": "Left",
    "VerticalFacing": "Middle",
    "Brightness": 1.0,
    "Border-Mode": "Top",
    "DisplayText": "",
    "Text-R": 169,
    "Text-G": 255,
    "Text-B": 255,
    "Text-R2": 153,
    "Text-G2": 255,
    "Text-B2": 255,
    "GidentSpeed": 100,
    "NewRainbowOffset": 1,
    "AstolfoOffset": 9,
    "AstolfoRange": 109,
    "AstolfoIndex": 109,
    "Saturation": 0.9,
    "Text-Color": "Gident",
    "Watermark-Rainbow": false,
    "Watermark-Red": 124,
    "Watermark-Green": 255,
    "Watermark-Blue": 255,
    "Watermark-Red2": 157,
    "Watermark-Green2": 255,
    "Watermark-Blue2": 255,
    "Rainbow-X": -392.15686,
    "Rainbow-Y": -1000.0,
    "Shadow": true,
    "Border": false,
    "Slide": false,
    "NotChar": false,
    "SlideDelay": 100,
    "BordAlpha": 255,
    "Distance": 9,
    "Amount": 25,
    "Font": {
      "fontName": "regular40",
      "fontSize": 40
    }
  },
  {
    "Type": "Inventory",
    "X": 417.0,
    "Y": -116.0,
    "Scale": 0.95,
    "HorizontalFacing": "Left",
    "VerticalFacing": "Middle",
    "Blur": false,
    "Font": {
      "fontName": "sfbold35",
      "fontSize": 40
    }
  },
  {
    "Type": "GameInfo3",
    "X": 0.0,
    "Y": 9.0,
    "Scale": 0.9499999,
    "HorizontalFacing": "Left",
    "VerticalFacing": "Up",
    "BackgroundRed": 144,
    "BackgroundGreen": 255,
    "BackgroundBlue": 255,
    "BackgroundAlpha": 13,
    "RectRed": 152,
    "RectGreen": 224,
    "RectBlue": 255,
    "RectAlpha": 77,
    "TextRed": 152,
    "TextGreen": 207,
    "TextBlue": 255,
    "Shadow": true,
    "Font": {
      "fontName": "Roboto Medium",
      "fontSize": 40
    }
  },
  {
    "Type": "NewEffects",
    "X": 0.0,
    "Y": 230.0,
    "Scale": 0.95,
    "HorizontalFacing": "Left",
    "VerticalFacing": "Down",
    "Blur": false
  }
]
