[
  {
    "Type": "NewEffects",
    "X": -1.0,
    "Y": 252.0,
    "Scale": 0.99999994,
    "HorizontalFacing": "Left",
    "VerticalFacing": "Up",
    "Blur": false
  },
  {
    "Type": "Radar",
    "X": 4.0,
    "Y": 71.0,
    "Scale": 1.0,
    "HorizontalFacing": "Left",
    "VerticalFacing": "Up",
    "Size": 84.02299,
    "View Distance": 3.7586207,
    "Player Shape": "Circle",
    "Player Size": 2.0,
    "Use ESP Colors": true,
    "FOV Size": 10.0,
    "FOV Angle": 62.873566,
    "Minimap": false,
    "Rainbow-X": -954.54553,
    "Rainbow-Y": -1000.0,
    "Background Red": 126,
    "Background Green": 0,
    "Background Blue": 0,
    "Background Alpha": 23,
    "Border Strength": 2.0,
    "Border Red": 2,
    "Border Green": 0,
    "Border Blue": 0,
    "Border Alpha": 79,
    "Border Rainbow": false
  },
  {
    "Type": "RiseTarget",
    "X": 485.0,
    "Y": 184.0,
    "Scale": 1.0,
    "HorizontalFacing": "Left",
    "VerticalFacing": "Up",
    "Rise-Count": 5,
    "Rise-Size": 1.0,
    "Rise-Alpha": 0.7,
    "Rise-Distance": 1.0,
    "Rise-MoveTime": 20,
    "Rise-FadeTime": 20
  },
  {
    "Type": "Notifications",
    "X": 138.0,
    "Y": 7.0,
    "Scale": 1.05,
    "HorizontalFacing": "Right",
    "VerticalFacing": "Down"
  },
  {
    "Type": "Session",
    "X": 1.0,
    "Y": 1.0,
    "Scale": 1.0,
    "HorizontalFacing": "Left",
    "VerticalFacing": "Up",
    "Radius": 8.04878,
    "Bg-R": 255,
    "Bg-G": 158,
    "Bg-B": 230,
    "Bg-Alpha": 27,
    "Line": true,
    "Line-R": 255,
    "Line-G": 255,
    "Line-B": 255,
    "Line-R2": 0,
    "Line-G2": 111,
    "Line-B2": 255,
    "Font": {
      "fontName": "Roboto Medium",
      "fontSize": 35
    }
  },
  {
    "Type": "Text",
    "X": 278.0,
    "Y": 1.0,
    "Scale": 1.3499997,
    "HorizontalFacing": "Left",
    "VerticalFacing": "Up",
    "Brightness": 1.0,
    "Border-Mode": "Slide",
    "DisplayText": "",
    "Text-R": 222,
    "Text-G": 160,
    "Text-B": 255,
    "Text-R2": 215,
    "Text-G2": 247,
    "Text-B2": 225,
    "GidentSpeed": 676,
    "NewRainbowOffset": 2,
    "AstolfoOffset": 9,
    "AstolfoRange": 109,
    "AstolfoIndex": 109,
    "Saturation": 0.9,
    "Text-Color": "Fade",
    "Watermark-Rainbow": false,
    "Watermark-Red": 255,
    "Watermark-Green": 255,
    "Watermark-Blue": 255,
    "Watermark-Red2": 255,
    "Watermark-Green2": 255,
    "Watermark-Blue2": 255,
    "Rainbow-X": -901.9607,
    "Rainbow-Y": -1000.0,
    "Shadow": true,
    "Border": false,
    "Slide": false,
    "NotChar": false,
    "SlideDelay": 100,
    "BordAlpha": 255,
    "Distance": 0,
    "Amount": 25,
    "Font": {
      "fontName": "Bold",
      "fontSize": 40
    }
  },
  {
    "Type": "Scoreboard2",
    "X": 4.0,
    "Y": -4.0,
    "Scale": 1.0,
    "HorizontalFacing": "Right",
    "VerticalFacing": "Middle",
    "Text-R": 255,
    "Text-G": 255,
    "Text-B": 255,
    "Background-R": 0,
    "Background-G": 0,
    "Background-B": 0,
    "Background-Alpha": 88,
    "Rect": false,
    "Rect-Color": "Custom",
    "Rect-R": 0,
    "Rect-G": 111,
    "Rect-B": 255,
    "Rect-Alpha": 255,
    "Shadow": false,
    "ServerIp": "ClientName",
    "NoPoints": true,
    "Font": {
      "fontName": "Roboto Medium",
      "fontSize": 40
    }
  },
  {
    "Type": "Text",
    "X": 95.0,
    "Y": 60.0,
    "Scale": 1.0,
    "HorizontalFacing": "Left",
    "VerticalFacing": "Up",
    "Brightness": 1.0,
    "Border-Mode": "Slide",
    "DisplayText": "Ping:%ping%",
    "Text-R": 255,
    "Text-G": 255,
    "Text-B": 255,
    "Text-R2": 0,
    "Text-G2": 111,
    "Text-B2": 255,
    "GidentSpeed": 100,
    "NewRainbowOffset": 1,
    "AstolfoOffset": 5,
    "AstolfoRange": 109,
    "AstolfoIndex": 109,
    "Saturation": 0.9,
    "Text-Color": "Custom",
    "Watermark-Rainbow": false,
    "Watermark-Red": 255,
    "Watermark-Green": 255,
    "Watermark-Blue": 255,
    "Watermark-Red2": 255,
    "Watermark-Green2": 255,
    "Watermark-Blue2": 255,
    "Rainbow-X": -1000.0,
    "Rainbow-Y": -1000.0,
    "Shadow": false,
    "Border": false,
    "Slide": false,
    "NotChar": false,
    "SlideDelay": 100,
    "BordAlpha": 255,
    "Distance": 0,
    "Amount": 25,
    "Font": {
      "fontName": "sfbold40",
      "fontSize": 40
    }
  },
  {
    "Type": "CnArraylist",
    "X": 0.0,
    "Y": 0.0,
    "Scale": 1.0,
    "HorizontalFacing": "Right",
    "VerticalFacing": "Up",
    "Color": "Custom",
    "Blur": false,
    "Blur-Strength": 28.584906,
    "ShadowText": true,
    "Shadow": false,
    "Shadow-NoCut": false,
    "Shadow-Strength": 3,
    "Shadow-Color": "Background",
    "Shadow-Red": 134,
    "Shadow-Green": 247,
    "Shadow-Blue": 255,
    "Red": 255,
    "Green": 255,
    "Blue": 255,
    "R2": 168,
    "G2": 233,
    "B2": 185,
    "GidentSpeed": 472,
    "Alpha": 33,
    "Gradinet-Offset": 0.69433963,
    "Gradinet-Speed": 4.481132,
    "Gradinet-Red": 161,
    "Gradinet-Green": 178,
    "Gradinet-Blue": 144,
    "Gradinet-Red-2": 43,
    "Gradinet-Green-2": 45,
    "Gradinet-Blue-2": 150,
    "Saturation": 0.9,
    "Brightness": 1.0,
    "Sky-Distance": 2,
    "CRainbow-Seconds": 6,
    "CRainbow-Distance": 4,
    "LiquidSlowly-Distance": 90,
    "Fade-Distance": 50,
    "HorizontalAnimation": "Default",
    "VerticalAnimation": "None",
    "Animation-Speed": 0.33697248,
    "NameBreak": false,
    "Alphabetical-Order": false,
    "Tags": false,
    "TagsStyle": "-",
    "Background-R": 0,
    "Background-G": 0,
    "Background-B": 0,
    "Background-Alpha": 62,
    "Rect-Right": "Outline",
    "Rect-Left": "None",
    "Case": "None",
    "Space": 0.0,
    "TextHeight": 8.495413,
    "TextY": 2.3853211,
    "TagsArrayColor": false,
    "Font": {
      "fontName": "Minecraft Font",
      "fontSize": -1
    }
  },
  {
    "Type": "Armor",
    "X": -11.0,
    "Y": 65.0,
    "Scale": 1.0,
    "HorizontalFacing": "Middle",
    "VerticalFacing": "Down",
    "Damage": false,
    "BG": false,
    "Alpha": 133,
    "CFont": true,
    "Alignment": "Horizontal"
  }
]
